input_smile,is_patented,patent_cid,similar_smile_patent
Clc1ccccc1C(c1ccccc1)(c1ccccc1)n1ccnc1,True,2812.0,C1=CC=C(C=C1)C(C2=CC=CC=C2)(C3=CC=CC=C3Cl)N4C=CN=C4
Cc1cccc(N(C)C(=S)Oc2ccc3ccccc3c2)c1,True,5510.0,CC1=CC(=CC=C1)N(C)C(=S)OC2=CC3=CC=CC=C3C=C2
Clc1ccc(COC(Cn2ccnc2)c2ccc(Cl)cc2Cl)c(Cl)c1,True,4189.0,C1=CC(=C(C=C1Cl)Cl)COC(CN2C=CN=C2)C3=C(C=C(C=C3)Cl)Cl
C=CCCCCCCCCC(=O)O,True,5634.0,C=CCCCCCCCCC(=O)O
CN(Cc1ccc(C(C)(C)C)cc1)Cc1cccc2ccccc12,True,2484.0,CC(C)(C)C1=CC=C(C=C1)CN(C)CC2=CC=CC3=CC=CC=C32
CN(C/C=C/C#CC(C)(C)C)Cc1cccc2ccccc12,True,1549008.0,CC(C)(C)C#CC=CCN(C)CC1=CC=CC2=CC=CC=C21
CC[C@@H]([C@H](C)O)n1ncn(-c2ccc(N3CCN(c4ccc(OC[C@@H]5CO[C@@](Cn6cncn6)(c6ccc(F)cc6F)C5)cc4)CC3)cc2)c1=O,True,468595.0,CCC(C(C)O)N1C(=O)N(C=N1)C2=CC=C(C=C2)N3CCN(CC3)C4=CC=C(C=C4)OCC5CC(OC5)(CN6C=NC=N6)C7=C(C=C(C=C7)F)F
Clc1ccc(CCC(Cn2ccnc2)Sc2c(Cl)cccc2Cl)cc1,True,47471.0,C1=CC(=C(C(=C1)Cl)SC(CCC2=CC=C(C=C2)Cl)CN3C=CN=C3)Cl.[N+](=O)(O)[O-]
OB1OCc2cc(F)ccc21,True,11499245.0,B1(C2=C(CO1)C=C(C=C2)F)O
Cc1cc(C2CCCCC2)n(O)c(=O)c1,True,2749.0,CC1=CC(=O)N(C(=C1)C2CCCCC2)O
O[C@@](Cn1cnnn1)(c1ccc(F)cc1F)C(F)(F)c1ccc(-c2ccc(OCC(F)(F)F)cc2)cn1,True,77050711.0,C1=CC(=CC=C1C2=CN=C(C=C2)C(C(CN3C=NN=N3)(C4=C(C=C(C=C4)F)F)O)(F)F)OCC(F)(F)F
Clc1ccc(CO/N=C(\Cn2ccnc2)c2ccc(Cl)cc2Cl)c(Cl)c1,True,9556529.0,C1=CC(=C(C=C1Cl)Cl)CON=C(CN2C=CN=C2)C3=C(C=C(C=C3)Cl)Cl.[N+](=O)(O)[O-]
CC(C)[C@@H](C)[C@@]1(C)CC[C@]2(C)[C@H]3CC[C@@H]4[C@@]5(COC[C@@]4(C)[C@@H](OC[C@](C)(N)C(C)(C)C)[C@H](n4ncnc4-c4ccncc4)C5)C3=CC[C@@]2(C)[C@@H]1C(=O)O,True,46871657.0,CC(C)C(C)C1(CCC2(C3CCC4C5(COCC4(C3=CCC2(C1C(=O)O)C)CC(C5OCC(C)(C(C)(C)C)N)N6C(=NC=N6)C7=CC=NC=C7)C)C)C
CCCCCOc1ccc(-c2cc(-c3ccc(C(=O)N[C@H]4C[C@@H](O)[C@@H](O)NC(=O)[C@@H]5[C@@H](O)[C@@H](C)CN5C(=O)[C@H]([C@H](O)CC(N)=O)NC(=O)[C@H]([C@H](O)[C@@H](O)c5ccc(O)c(OS(=O)(=O)O)c5)NC(=O)[C@@H]5C[C@@H](O)CN5C(=O)[C@H]([C@@H](C)O)NC4=O)cc3)no2)cc1,True,23666118.0,CCCCCOC1=CC=C(C=C1)C2=CC(=NO2)C3=CC=C(C=C3)C(=O)NC4CC(C(NC(=O)C5C(C(CN5C(=O)C(NC(=O)C(NC(=O)C6CC(CN6C(=O)C(NC4=O)C(C)O)O)C(C(C7=CC(=C(C=C7)O)OS(=O)(=O)[O-])O)O)C(CC(=O)N)O)C)O)O)O.[Na+]
S=[Se]=S,True,24087.0,S=[Se]=S
C=C1CCN([C@H](C)[C@](O)(Cn2cncn2)c2ccc(F)cc2F)CC1,True,489181.0,CC(C(CN1C=NC=N1)(C2=C(C=C(C=C2)F)F)O)N3CCC(=C)CC3
CN(CC=Cc1ccccc1)Cc1cccc2ccccc12,True,2484.0,CC(C)(C)C1=CC=C(C=C1)CN(C)CC2=CC=CC3=CC=CC=C32
CC(C)N1CCN(c2ccc(OC[C@@H]3CO[C@@](Cn4cncn4)(c4ccc(Cl)cc4Cl)O3)cc2)CC1,True,441383.0,CC(C)N1CCN(CC1)C2=CC=C(C=C2)OCC3COC(O3)(CN4C=NC=N4)C5=C(C=C(C=C5)Cl)Cl
c1ccc(-c2ccc(C(c3ccccc3)n3ccnc3)cc2)cc1,True,2378.0,C1=CC=C(C=C1)C2=CC=C(C=C2)C(C3=CC=CC=C3)N4C=CN=C4
CNCC(=O)OCc1cccnc1N(C)C(=O)OC(C)[n+]1cnn(C[C@](O)(c2cc(F)ccc2F)[C@@H](C)c2nc(-c3ccc(C#N)cc3)cs2)c1,True,6918606.0,CC(C1=NC(=CS1)C2=CC=C(C=C2)C#N)C(CN3C=[N+](C=N3)C(C)OC(=O)N(C)C4=C(C=CC=N4)COC(=O)CNC)(C5=C(C=CC(=C5)F)F)O
C[C@@H]1C/C=C/C=C/C=C/C=C/[C@H](O[C@@H]2O[C@H](C)[C@@H](O)[C@H](N)[C@@H]2O)C[C@@H]2O[C@](O)(C[C@@H](O)C[C@H]3O[C@@H]3/C=C/C(=O)O1)C[C@H](O)[C@H]2C(=O)O,True,5284447.0,CC1CC=CC=CC=CC=CC(CC2C(C(CC(O2)(CC(CC3C(O3)C=CC(=O)O1)O)O)O)C(=O)O)OC4C(C(C(C(O4)C)O)N)O
Nc1[nH]c(=O)ncc1F,True,3366.0,C1=NC(=O)NC(=C1F)N
CCCCCOc1ccc(-c2ccc(-c3ccc(/C(O)=N/[C@H]4C[C@@H](O)[C@@H](OCC[N+](C)(C)C)/N=C(/O)[C@@H]5[C@@H](O)[C@@H](C)CN5C(=O)[C@H]([C@@H](C)O)/N=C(/O)[C@H]([C@H](O)[C@@H](O)c5ccc(O)cc5)/N=C(/O)[C@@H]5C[C@@H](O)CN5C(=O)[C@H]([C@@H](C)O)/N=C\4O)cc3)cc2)cc1,False,,None
Oc1c(I)cc(Cl)c2cccnc12,True,2788.0,C1=CC2=C(C(=C(C=C2Cl)I)O)N=C1
Clc1cc(Cl)c(OCC#CI)cc1Cl,True,3561.0,C1=C(C(=CC(=C1Cl)Cl)Cl)OCC#CI
Clc1ccc(C(Cn2ccnc2)OCc2c(Cl)cccc2Cl)c(Cl)c1,True,4189.0,C1=CC(=C(C=C1Cl)Cl)COC(CN2C=CN=C2)C3=C(C=C(C=C3)Cl)Cl
COC1=CC(=O)C[C@@H](C)[C@]12Oc1c(Cl)c(OC)cc(OC)c1C2=O,True,441140.0,CC1CC(=O)C=C(C12C(=O)C3=C(O2)C(=C(C=C3OC)OC)Cl)OC
Clc1ccc(C(Cn2ccnc2)OCc2csc3c(Cl)cccc23)c(Cl)c1,True,200103.0,C1=CC2=C(C(=C1)Cl)SC=C2COC(CN3C=CN=C3)C4=C(C=C(C=C4)Cl)Cl.[N+](=O)(O)[O-]
C[C@@H]1[C@H](O)[C@@H](C)/C=C/C=C/CC/C=C/C=C/C=C/C=C/[C@H](O[C@@H]2O[C@H](C)[C@@H](O)[C@H](N)[C@@H]2O)C[C@@H]2O[C@](O)(C[C@@H](O)[C@H](O)CC[C@@H](O)C[C@@H](O)C[C@@H](O)CC(=O)O[C@H]1C)C[C@H](O)[C@H]2C(=O)O,True,5280965.0,CC1C=CC=CC=CC=CC=CC=CC=CC(CC2C(C(CC(O2)(CC(CC(C(CCC(CC(CC(=O)OC(C(C1O)C)C)O)O)O)O)O)O)O)C(=O)O)OC3C(C(C(C(O3)C)O)N)O
C[C@@H](c1ncncc1F)[C@](O)(Cn1cncn1)c1ccc(F)cc1F,True,71616.0,CC(C1=NC=NC=C1F)C(CN2C=NC=N2)(C3=C(C=C(C=C3)F)F)O
CCC(C)n1ncn(-c2ccc(N3CCN(c4ccc(OC[C@H]5CO[C@](Cn6cncn6)(c6ccc(Cl)cc6Cl)O5)cc4)CC3)cc2)c1=O,True,55283.0,CCC(C)N1C(=O)N(C=N1)C2=CC=C(C=C2)N3CCN(CC3)C4=CC=C(C=C4)OCC5COC(O5)(CN6C=NC=N6)C7=C(C=C(C=C7)Cl)Cl
C=CCc1ccc(O)c(OC)c1,True,3314.0,COC1=C(C=CC(=C1)CC=C)O
CN(C)c1ccc(C(=C2C=CC(=[N+](C)C)C=C2)c2ccc(N(C)C)cc2)cc1,True,11057.0,CN(C)C1=CC=C(C=C1)C(=C2C=CC(=[N+](C)C)C=C2)C3=CC=C(C=C3)N(C)C.[Cl-]
CCN(CC)CCOc1ccc2nc(N(C)C)sc2c1,True,8708.0,CCN(CC)CCOC1=CC2=C(C=C1)N=C(S2)N(C)C
Clc1ccc(C(Cn2ccnc2)OCc2ccsc2Cl)c(Cl)c1,True,5482.0,C1=CC(=C(C=C1Cl)Cl)C(CN2C=CN=C2)OCC3=C(SC=C3)Cl
OC(Cn1cncn1)(Cn1cncn1)c1ccc(F)cc1F,True,3365.0,C1=CC(=C(C=C1F)F)C(CN2C=NC=N2)(CN3C=NC=N3)O
C[C@@H](c1nc(-c2ccc(C#N)cc2)cs1)[C@](O)(Cn1cncn1)c1cc(F)ccc1F,True,6918485.0,CC(C1=NC(=CS1)C2=CC=C(C=C2)C#N)C(CN3C=NC=N3)(C4=C(C=CC(=C4)F)F)O
N#C/C(=C1/SC[C@@H](c2ccc(Cl)cc2Cl)S1)n1ccnc1,True,3003141.0,C1C(SC(=C(C#N)N2C=CN=C2)S1)C3=C(C=C(C=C3)Cl)Cl
CC(=O)N1CCN(c2ccc(OCC3COC(Cn4ccnc4)(c4ccc(Cl)cc4Cl)O3)cc2)CC1,True,47576.0,CC(=O)N1CCN(CC1)C2=CC=C(C=C2)OCC3COC(O3)(CN4C=CN=C4)C5=C(C=C(C=C5)Cl)Cl
Cc1ccc(C(C)C)c(O)c1,True,6989.0,CC1=CC(=C(C=C1)C(C)C)O
CC[C@H](C)C[C@H](C)CCCCCCCCC(=O)N[C@H]1C[C@@H](O)[C@@H](NCCN)NC(=O)[C@@H]2[C@@H](O)CCN2C(=O)[C@H]([C@H](O)CCN)NC(=O)[C@H]([C@H](O)[C@@H](O)c2ccc(O)cc2)NC(=O)[C@@H]2C[C@@H](O)CN2C(=O)[C@H]([C@@H](C)O)NC1=O,True,16119814.0,CCC(C)CC(C)CCCCCCCCC(=O)NC1CC(C(NC(=O)C2C(CCN2C(=O)C(NC(=O)C(NC(=O)C3CC(CN3C(=O)C(NC1=O)C(C)O)O)C(C(C4=CC=C(C=C4)O)O)O)C(CCN)O)O)NCCN)O
CCC(C)(C)c1ccc(CC(C)CN2C[C@@H](C)O[C@@H](C)C2)cc1,True,93365.0,CC1CN(CC(O1)C)CC(C)CC2=CC=C(C=C2)C(C)(C)C
OB(O)O,True,7628.0,B(O)(O)O
CC(C)[C@@H](C)/C=C/[C@@H](C)[C@H]1CC[C@H]2C3=CC=C4C[C@@H](O)CC[C@]4(C)[C@H]3CC[C@]12C,True,5280794.0,CCC(C=CC(C)C1CCC2C1(CCC3C2CC=C4C3(CCC(C4)O)C)C)C(C)C
OCCOc1ccc(Cl)cc1,True,7697.0,C1=CC(=CC=C1OCC(CO)O)Cl
O=C(O)c1ccccc1O,True,338.0,C1=CC=C(C(=C1)C(=O)O)O
CC(=O)Nc1cc([As](=O)(O)O)ccc1O,True,1985.0,CC(=O)NC1=C(C=CC(=C1)[As](=O)(O)O)O
CCCCCCCCOc1ccc(C(=O)N[C@H]2C[C@@H](O)[C@@H](O)NC(=O)[C@@H]3[C@@H](O)[C@@H](C)CN3C(=O)[C@H]([C@@H](C)O)NC(=O)[C@H]([C@H](O)[C@@H](O)c3ccc(O)cc3)NC(=O)[C@@H]3C[C@@H](O)CN3C(=O)[C@H]([C@@H](C)O)NC2=O)cc1,True,6918120.0,CCCCCCCCOC1=CC=C(C=C1)C(=O)NC2CC(C(NC(=O)C3C(C(CN3C(=O)C(NC(=O)C(NC(=O)C4CC(CN4C(=O)C(NC2=O)C(C)O)O)C(C(C5=CC=C(C=C5)O)O)O)C(C)O)C)O)O)O
CCCCCCCCCCCCCCCC[N+](C)(C)CCN(Cc1ccc(OC)cc1)c1ncccn1,True,5457.0,CN(C)CCN(CC1=CC=C(C=C1)OC)C2=NC=CC=N2
Clc1ccc(COC(Cn2ccnc2)c2ccc(Cl)cc2Cl)cc1,True,4189.0,C1=CC(=C(C=C1Cl)Cl)COC(CN2C=CN=C2)C3=C(C=C(C=C3)Cl)Cl
Clc1ccc(CSC(Cn2ccnc2)c2ccc(Cl)cc2Cl)cc1,True,5318.0,C1=CC(=CC=C1CSC(CN2C=CN=C2)C3=C(C=C(C=C3)Cl)Cl)Cl
CCC(=O)O,True,1032.0,CCC(=O)O
C/C=C/C/C=C/CCC(=O)[C@H]1O[C@H]1C(N)=O,True,5282054.0,CC=CCC=CCCC(=O)C1C(O1)C(=O)N
Cn1sc(Cl)cc1=O,True,33344.0,CN1C(=O)C=C(S1)Cl
O=S1(=O)CCN(CN2CCS(=O)(=O)NC2)CN1,True,29566.0,C1CS(=O)(=O)NCN1CN2CCS(=O)(=O)NC2
[Ag],True,23954.0,[Ag]
Cc1cc(N)c2ccccc2[n+]1CCCCCCCCCC[n+]1c(C)cc(N)c2ccccc21,True,10649.0,CC1=[N+](C2=CC=CC=C2C(=C1)N)CCCCCCCCCC[N+]3=C(C=C(C4=CC=CC=C43)N)C.[Cl-].[Cl-]
CC(C)(O)C(Cl)(Cl)Cl,True,5977.0,CC(C)(C(Cl)(Cl)Cl)O
CC(=O)N[C@H]1[C@H](O[C@H]2[C@@H](O)[C@@H](NC(C)=O)[C@H](O[C@H]3[C@H](O)[C@H]4N=C(N(C)C)O[C@H]4[C@@H]3CO)O[C@@H]2CO)O[C@H](CO)[C@@H](O)[C@H]1O,True,119339.0,CC(=O)NC1C(C(C(OC1OC2C(OC(C(C2O)NC(=O)C)OC3C(C4C(C3O)N=C(O4)N(C)C)CO)CO)CO)O)O
C[C@@H](c1nc(-c2ccc(C#N)cc2)cs1)[C@](O)(Cn1cncn1)c1ccc(F)cc1F,True,6918485.0,CC(C1=NC(=CS1)C2=CC=C(C=C2)C#N)C(CN3C=NC=N3)(C4=C(C=CC(=C4)F)F)O
[O-][n+]1ccccc1SSc1cccc[n+]1[O-],True,26041.0,C1=CC=[N+](C(=C1)[S-])[O-].C1=CC=[N+](C(=C1)[S-])[O-].[Zn+2]
[B],True,6331.0,B
Cc1ccc(Oc2ccccc2-c2csc(N=C3NCCCN3)n2)c(C)c1,True,159326.0,CC1=CC(=C(C=C1)OC2=CC=CC=C2C3=CSC(=N3)NC4=NCCCN4)C
c1ccc(Cc2nnc3ccncc3n2)cc1,True,213010.0,C1=CC=C2C(=C1)C3=C(C=N2)N=CN=N3
c1ccc(OCC2=Nc3cnccc3NN2)cc1,True,168888.0,C1=CC=C(C=C1)OCC2=NC3=C(C=CN=C3)NN2.Cl
CCOC(=O)c1ccc(O)cc1,True,7456.0,COC(=O)C1=CC=C(C=C1)O
COc1c(C)c2c(c(O)c1C/C=C(\C)CCC(=O)O)C(=O)OC2,True,446541.0,CC1=C2COC(=O)C2=C(C(=C1OC)CC=C(C)CCC(=O)O)O
CCCC[C@@H](O)/C=C(C)/C=C/C=C/C(=O)N1CCCC1=O,True,5282176.0,CCCCC(C=C(C)C=CC=CC(=O)N1CCCC1=O)O
CO[C@H]1C[C@@H]2CC[C@@H](C)[C@@](O)(O2)C(=O)C(=O)N2CCCC[C@H]2C(=O)O[C@H]([C@H](C)C[C@@H]2CC[C@@H](O)[C@H](OC)C2)CC(=O)[C@H](C)/C=C(\C)[C@@H](O)[C@@H](OC)C(=O)[C@H](C)C[C@H](C)/C=C/C=C/C=C/1C,True,5284616.0,CC1CCC2CC(C(=CC=CC=CC(CC(C(=O)C(C(C(=CC(C(=O)CC(OC(=O)C3CCCCN3C(=O)C(=O)C1(O2)O)C(C)CC4CCC(C(C4)OC)O)C)C)O)OC)C)C)C)OC
Cc1cccc(N(C)C(=S)Oc2ccc3c(c2)[C@@H]2CC[C@H]3C2)c1,True,5506.0,CC1=CC(=CC=C1)N(C)C(=S)OC2=CC3=C(C=C2)C4CCC3C4
O=[N+]([O-])c1c(Cl)cccc1-c1c[nH]cc1Cl,True,13916.0,C1=CC(=C(C(=C1)Cl)[N+](=O)[O-])C2=CNC=C2Cl
Fc1ccc(C(c2ccccc2)(c2ccccc2F)n2ccnc2)cc1,True,3401.0,C1=CC=C(C=C1)C(C2=CC=C(C=C2)F)(C3=CC=CC=C3F)N4C=CN=C4
Oc1c(Cl)cc(Cl)c2cccnc12,True,2722.0,C1=CC2=C(C(=C(C=C2Cl)Cl)O)N=C1
C[C@@H](n1cnc2cc(Cl)ccc2c1=O)[C@](O)(Cn1cncn1)c1ccc(F)cc1F,True,208952.0,CC(C(CN1C=NC=N1)(C2=C(C=C(C=C2)F)F)O)N3C=NC4=C(C3=O)C=CC(=C4)Cl
OCC(O)COc1ccc(Cl)cc1,True,7697.0,C1=CC(=CC=C1OCC(CO)O)Cl
C/C(=C(/OCCOc1ccc(Cl)cc1)c1ccc(Cl)cc1Cl)n1ccnc1,True,3033988.0,CC(=C(C1=C(C=C(C=C1)Cl)Cl)OCCOC2=CC=C(C=C2)Cl)N3C=CN=C3
Clc1ccc(C(Cn2ccnc2)OCc2ccc(Sc3ccccc3)cc2)c(Cl)c1,True,51755.0,C1=CC=C(C=C1)SC2=CC=C(C=C2)COC(CN3C=CN=C3)C4=C(C=C(C=C4)Cl)Cl
C[C@@H]1[C@H](O)[C@@H](C)/C=C/C=C/C=C/C=C/C=C/C=C/C=C/[C@H](O[C@@H]2O[C@H](C)[C@@H](O)[C@H](N)[C@@H]2O)C[C@@H]2O[C@](O)(C[C@@H](O)C[C@@H](O)[C@H](O)CC[C@@H](O)C[C@@H](O)CC(=O)O[C@H]1C)C[C@H](O)[C@H]2C(=O)O,True,5280965.0,CC1C=CC=CC=CC=CC=CC=CC=CC(CC2C(C(CC(O2)(CC(CC(C(CCC(CC(CC(=O)OC(C(C1O)C)C)O)O)O)O)O)O)O)C(=O)O)OC3C(C(C(C(O3)C)O)N)O
CCCCCCCCCCCCCCCCOP(=O)([O-])OCC[N+](C)(C)C,True,3599.0,CCCCCCCCCCCCCCCCOP(=O)([O-])OCC[N+](C)(C)C
c1ccc2[nH]c(-c3cscn3)nc2c1,True,5430.0,C1=CC=C2C(=C1)NC(=N2)C3=CSC=N3
[O-][n+]1ccccc1S,True,23673459.0,C1=CC=[N+](C(=C1)S)[O-].[Na+]
C[C@]12CCC(=O)C=C1CC[C@@H]1[C@@H]2[C@@H](O)C[C@@]2(C)[C@H]1CC[C@]2(O)C(=O)CO,True,5743.0,CC1CC2C3CCC4=CC(=O)C=CC4(C3(C(CC2(C1(C(=O)CO)O)C)O)F)C
CC1/C=C/C=C/C=C/C=C/C=C/C=C/C=C/C(OC2O[C@H](C)[C@@H](O)[C@H](N)[C@@H]2O)CC(O)C(C(=O)O)C(O)CC(=O)CC(O)CC(O)CC(O)CC(=O)CCCC(=O)CC(=O)OC1C(C)CC(C)C(O)CC(=O)c1ccc(N)cc1,True,10079874.0,CC1C=CC=CC=CC=CC=CC=CC=CC(CC(C(C(CC(=O)CC(CC(CC(CC(=O)CCCC(=O)CC(=O)OC1C(C)CC(C)C(CC(=O)C2=CC=C(C=C2)N)O)O)O)O)O)C(=O)O)O)OC3C(C(C(C(O3)C)O)N)O
Cc1cc(C(C)(C)C)c(O)c(C(C)(C)C)c1,True,31404.0,CC1=CC(=C(C(=C1)C(C)(C)C)O)C(C)(C)C
CCCCC(CC)CN1CN(CC(CC)CCCC)CC(C)(N)C1,True,3607.0,CCCCC(CC)CN1CC(CN(C1)CC(CC)CCCC)(C)N
O=C(Nc1ccc(Cl)cc1)c1cc(Br)ccc1O,True,77254.0,C1=CC(=CC=C1NC(=O)C2=C(C=CC(=C2)Br)O)Cl
C[C@@H](c1nc(-c2ccc(C#N)cc2)cs1)[C@@](Cn1cncn1)(OCOP(=O)(O)O)c1ccc(F)cc1F,True,9807507.0,CC(C1=NC(=CS1)C2=CC=C(C=C2)C#N)C(CN3C=NC=N3)(C4=C(C=C(C=C4)F)F)OCOP(=O)(O)O
CC(=O)N1CCN(c2ccc(OC[C@@H]3CO[C@@](Cn4ccnc4)(c4ccc(Cl)cc4Cl)O3)cc2)CC1,True,47576.0,CC(=O)N1CCN(CC1)C2=CC=C(C=C2)OCC3COC(O3)(CN4C=CN=C4)C5=C(C=C(C=C5)Cl)Cl
CCCCCCCCCC(=O)O,True,379.0,CCCCCCCC(=O)O
Fc1ccc2c(c1)c1c(n2CCCOc2ccc(Cl)cc2)CCNC1,False,,None
C[C@@H](c1cn(-c2ccc(Cl)cc2F)nn1)[C@](O)(Cn1cncn1)c1ccc(F)cc1F,True,145150183.0,CC(C1=CN(N=N1)C2=C(C=C(C=C2)Cl)F)C(CN3C=NC=N3)(C4=C(C=C(C=C4)F)F)O
COc1cc(Br)ccc1-n1nc(C(=O)NCC(=O)NCCC2=CCCCC2)c2ccccc2c1=O,True,134130547.0,COC1=C(C=CC(=C1)Br)N2C(=O)C3=CC=CC=C3C(=N2)C(=O)NCC(=O)NCCC4=CCCCC4
Cc1cc(=O)c(O)c(O)cc1C(=O)c1ccccc1,True,136754278.0,CC1=CC(=O)C(=C(C=C1C(=O)C2=CC=CC=C2)O)O
Fc1ccc(C2(Cn3cncn3)COC(c3cc4ccc(Cl)cc4s3)=N2)cc1,True,155672473.0,C1C(N=C(O1)C2=CC3=C(S2)C=C(C=C3)Cl)(CN4C=NC=N4)C5=CC=C(C=C5)Cl
COc1ccc(-c2cc3cnn([C@H](C)[C@](O)(Cn4cncn4)c4ccc(F)cc4F)c(=O)n3c2)cc1,True,137370669.0,CC(C(CN1C=NC=N1)(C2=C(C=C(C=C2)F)F)O)N3C(=O)N4C=C(C=C4C=N3)C5=CC=C(C=C5)OC
O=C1c2ccsc2-c2nccc3ccnc1c23,True,72715062.0,C1=CN=C2C3=C1C=CN=C3C(=O)C4=C2SC=C4
Fc1ccc(C2(Cn3cncn3)COC(c3ccc(-c4ccccc4F)cc3)=N2)cc1,True,155672478.0,C1C(N=C(O1)C2=CC=C(C=C2)C3=CC=CC=C3F)(CN4C=NC=N4)C5=CC=C(C=C5)F
Cc1cc(=O)c(O)c(O)cc1C(=O)c1cccs1,True,137253751.0,CC1=CC(=O)C(=C(C=C1C(=O)C2=CC=CS2)O)O
CC[C@H]1C[C@@H]2CC[C@@H](O2)[C@@H](C)C(=O)O[C@H](CC)C[C@H]2CC[C@H](O2)C(C)C(=O)O1,True,139583904.0,CCC1CC2CCC(O2)C(C(=O)OC(CC3CCC(O3)C(C(=O)O1)C)CC)C
Clc1ccc(C(Cn2ccnc2)[Se]Cc2ccccc2Cl)c(Cl)c1,True,3006895.0,C1=CC=C(C(=C1)CC(CN2C=CN=C2)C3=C(C=C(C=C3)Cl)Cl)Cl
O=C1CN=C(c2ccccc2Br)c2cc(F)ccc2N1CCCn1nnc(-c2ccc(Cl)cc2)n1,False,,None
Fc1cccc(C[Se]C(Cn2ccnc2)c2ccc(Cl)cc2Cl)c1,True,162676958.0,C1=CC(=C(C=C1F)F)C(CN2C=CN=C2)[Se]CC3=C(C=C(C=C3)Cl)Cl
Fc1ccc(C(Cn2ccnc2)[Se]Cc2ccc(Cl)cc2Cl)c(F)c1,True,162676958.0,C1=CC(=C(C=C1F)F)C(CN2C=CN=C2)[Se]CC3=C(C=C(C=C3)Cl)Cl
CN[C@@H]1[C@H](O[C@@H]2OC[C@@H](O)[C@H](O)[C@H]2O)[C@@H](O)[C@H](O[C@H]2c3cc(C)c(C(=O)N[C@H](C)C(=O)NO)c(O)c3-c3c(cc4c(c3O)C(=O)c3cc(OC)cc(O)c3C4=O)[C@@H]2O)O[C@@H]1C,True,5479145.0,CC1C(C(C(C(O1)OC2C(C3=CC4=C(C(=C3C5=C2C=C(C(=C5O)C(=O)NC(C)C(=O)O)C)O)C(=O)C6=C(C4=O)C(=CC(=C6)OC)O)O)O)OC7C(C(C(CO7)O)O)O)NC
Fc1ccc(Br)c(C[Se]C(Cn2ccnc2)c2ccc(Cl)cc2Cl)c1,False,,None
O=C1CN=C(c2ccccc2Br)c2cc(F)ccc2N1CCCn1nnc(-c2ccccc2Cl)n1,False,,None
Clc1ccc(C(Cn2ccnc2)[Se][Se]C(Cn2ccnc2)c2ccc(Cl)cc2Cl)c(Cl)c1,False,,None
C=CCc1ccc(OCC(Cn2ccnc2)OC(=O)c2ccc(Cl)cc2)c(OC)c1,False,,None
c1ccc(COc2ccc(C[C@H]3CN[C@@H](Cc4ccccc4)CN3)cc2)cc1,False,,None
O=c1ccc2ccc(COC(Cn3ccnc3)c3ccc(Cl)cc3Cl)cc2o1,False,,None
NC(=O)CC[C@H](NC(=O)[C@@H](N)CCC(=O)O)C(=O)N[C@@H](CS)C(=O)N[C@@H](CCCN=C(N)N)C(=O)N[C@@H](CCC(=O)O)C(=O)N[C@@H](CCC(=O)O)C(=O)N[C@@H](CCC(=O)O)C(=O)N[C@@H](CC(=O)O)C(=O)N[C@@H](CC(=O)O)C(=O)N[C@@H](CCCN=C(N)N)C(=O)O,True,122416540.0,C(CC(C(=O)NC(CC(=O)O)C(=O)NC(CC(=O)O)C(=O)NC(CS)C(=O)O)NC(=O)C(CC(=O)O)NC(=O)CCC(C(=O)O)N)CN=C(N)N
Fc1cccc(C[Se]C(Cn2ccnc2)c2ccc(F)cc2F)c1,True,14211259.0,C1=CC=C(C=C1)C(CN2C=CN=C2)C3=CC=C(C=C3)F
Cc1nc(-c2ccc(C(C)(C)C)cc2)sc1-c1nnc(NCCN)o1,False,,None
Clc1ccc(C(Cn2ccnc2)[Se]Cc2ccccc2Br)c(Cl)c1,True,53871397.0,C1=CC(=CC=C1C=C(CN2C=CN=C2)C3=C(C=C(C=C3)Cl)Cl)Br
Clc1ccc(C(Cn2ccnc2)[Se]C(Cn2ccnc2)c2ccc(Cl)cc2)cc1,False,,None
CCCc1ccc(OCC(Cn2ccnc2)OCc2ccc(Cl)cc2)c(OC)c1,True,20329469.0,CCOC1=CC=CC=C1OC(CCC2=CC=C(C=C2)Cl)CN3C=CN=C3
Fc1ccc(C(Cn2ccnc2)[Se]Cc2ccccc2Br)c(F)c1,False,,None
CC(=O)N1CCN(c2ccc(OCCN(CC(O)(Cn3cncn3)c3ccc(F)cc3F)S(=O)(=O)c3ccc(Cl)cc3Cl)cc2)CC1,False,,None
OC(CSc1nc2ccccc2[nH]1)(Cn1cncn1)c1ccc(F)cc1,False,,None
Fc1ccc(C(Cn2ccnc2)[Se]Cc2ccccc2Cl)c(F)c1,True,162676958.0,C1=CC(=C(C=C1F)F)C(CN2C=CN=C2)[Se]CC3=C(C=C(C=C3)Cl)Cl
Clc1ccc(C(Cn2ccnc2)[Se][Se]C(Cn2ccnc2)c2ccc(Cl)cc2)cc1,False,,None
O=C(c1ccccc1)c1ccc2nc(SCC(O)(Cn3cncn3)c3ccc(Cl)cc3)[nH]c2c1,False,,None
COc1ccc2c(c1)C1(CCN(C(=O)/C=C/C(=O)Nc3ccccc3Cl)CC1)OC(=O)N2,False,,None
Nc1cc(=O)n(C(=S)Nc2ccc3c(c2)CCC3)[nH]1,False,,None
O=C(O)c1cc2cc(OCc3ccc(C4CCCCC4)c(C(F)(F)F)c3)ccc2[nH]1,True,70103202.0,C1=CC=C(C(=C1)CC2=CC3=C(N2)C=CC(=C3)OCC4=CC=C(C=C4)C(F)(F)F)C(=O)O
Cc1ccc(C(Cn2ccnc2)[Se][Se]C(Cn2ccnc2)c2ccc(C)cc2)cc1,True,174218199.0,C1=CC=C(C=C1)CC(CC2=CC=CC=C2)(N3C=CN=C3)N4C=CN=C4
CO/N=C(\C)c1ccccc1NC(=O)c1cn(C)nc1C(F)F,True,58801976.0,CN1C=C(C(=N1)C(F)F)C(=O)NC2=CC=CC=C2C3=CC=C(C=C3)C=NOC
Cc1nc(NCc2ccc(-c3nnc(SCc4c(F)cccc4F)o3)cc2)cc(C(F)(F)F)n1,False,,None
CCCc1ccc(OCC(Cn2ccnc2)OC(=O)c2ccc(Cl)cc2)c(OC)c1,False,,None
C=CCc1ccc(OCC(Cn2ccnc2)OCc2ccc(Cl)cc2)c(OC)c1,True,20329469.0,CCOC1=CC=CC=C1OC(CCC2=CC=C(C=C2)Cl)CN3C=CN=C3
Cn1c2c(c3cc(O)ccc31)C(=O)C(Nc1ccc(Cl)cc1)=CC2=O,True,131704488.0,CN1C2=C(C=C(C=C2)O)C3=C1C(=O)C=C(C3=O)NC4=CC=C(C=C4)Cl
OCCN1CCN(c2cc(-c3ccsc3)c3nc(-c4cccc(F)c4)cn3n2)CC1,True,46836257.0,C1CN(CCN1CCO)C2=NN3C(=NC(=C3C4=CC=NC=C4)C5=CC=CS5)C=C2
C=C1C(=O)O[C@@H]2CC(C)=C([C@@H](C)CCCOC(C)=O)[C@@H](OC(=O)CCl)[C@H]12,False,,None
COc1ccc(NC(=O)Nc2nnc(SCC(O)(Cn3cncn3)c3ccc(F)cc3F)s2)cc1,True,162641029.0,COC1=CC=C(C=C1)NC(=O)NC2=NN=C(S2)SCC(CN3C=NC=N3)(C4=C(C=C(C=C4)F)F)O
O=C(Nc1ccc(F)cc1)Nc1nnc(SCC(O)(Cn2cncn2)c2ccc(F)cc2F)s1,True,162641030.0,C1=CC(=CC=C1NC(=O)NC2=NN=C(S2)SCC(CN3C=NC=N3)(C4=C(C=C(C=C4)F)F)O)F
Fc1ccc(F)c(-c2nc(C3=N[C@@H](c4ccccc4)CO3)co2)c1,False,,None
CCc1cc(-c2nc(-c3cccc(C(=O)Nc4ccc(F)cc4)c3)no2)n(C)n1,False,,None
Cc1c(OCCNCC(O)(Cn2cncn2)c2ccc(F)cc2F)ccc2c(-c3snc(Cl)c3Cl)cc(=O)oc12,False,,None
C[C@@H](C(=O)O[C@H](Cn1ccnc1)c1ccc(F)cc1)c1ccc(-c2ccccc2)c(F)c1,False,,None
C[C@H](C(=O)N(C)C[C@@](O)(Cn1ccnc1)c1ccc(Cl)cc1)c1ccc(-c2ccccc2)c(F)c1,True,165178976.0,CC(C1=CC(=C(C=C1)C2=CC=CC=C2)F)C(=O)N(C)CC(CN3C=CN=C3)(C4=CC=C(C=C4)Cl)O
O=c1[nH]nc(COc2c(Br)cc(Br)c3cccnc23)n1-c1ccc(C(F)(F)F)cc1,False,,None
CCCCCc1ccc(-c2cc(O)cc(O)c2)cc1,True,6439522.0,CC(C)C1=C(C=C(C=C1O)C=CC2=CC=CC=C2)O
C[C@@H](N(C)Cc1ccc(C#Cc2ccc(F)cc2F)cc1)[C@](O)(Cn1cncn1)c1ccc(F)cc1F,True,139983408.0,CC(C(CN1C=NC=N1)(C2=C(C=C(C=C2)F)F)O)N(CC3=CC=CC=C3)CC4=CC=CC=C4
CCCSSc1ncccn1,True,12764701.0,CCSC1=NC=CC=N1
O=C(N/N=C/c1ccc(Cl)cc1)c1ccc2nc(-c3ccc([N+](=O)[O-])cc3)[nH]c2c1,False,,None
COc1ccc(-n2cc(C(c3c(C)[nH][nH]c3=O)c3c(C)[nH][nH]c3=O)nn2)cc1,True,163323739.0,CC1=C(C(=O)NN1)C(C2=CN(N=N2)C3=CC=C(C=C3)OC)C4=C(NNC4=O)C
O=C(COc1cc(C(F)(F)F)nc2c(C(F)(F)F)cccc12)NNc1ccc(F)cc1F,False,,None
C[C@@H](OCC#Cc1ccc(C#N)cc1)[C@](O)(Cn1cncn1)c1ccc(F)cc1F,False,,None
Cc1cc(O)c(C(=O)CCC2CCCC2)c(=O)o1,True,54709900.0,CC1=CC(=C(C(=O)O1)C(=O)CC2CCCC2)O
CC(=O)N1CCN(C(C(=O)Nc2cccc(F)c2)c2ccc(Br)cc2)CC1,False,,None
CCCn1c(-c2nnco2)cc2ccc(Cl)cc21,True,176220533.0,C1=CC2=C(C=C1Cl)N(C(=C2)C3=NN=CO3)CCCF
Cc1ccc(-n2ncc3c(=O)n(CCCl)c(-c4cccc(C(F)(F)F)c4)nc32)cc1,False,,None
C[C@@H]1[C@@H](C)[C@H](c2cccc(F)c2)O[C@@H]1c1ccc(O)c(C(F)(F)F)c1,False,,None
Cc1ccc(/C=C2\CN(/C=C/c3ccccc3)C[C@]3(C2=O)[C@@H](c2ccc(C)cc2)[C@H](Cc2ccccc2)N[C@]32C(=O)Nc3ccc(OC(F)(F)F)cc32)cc1,False,,None
CCN1CCN(c2ccc(NC(=O)CSc3nnc4scc(-c5ccccc5)n34)cc2)CC1,False,,None
O=C(Cn1cc(F)c2ccccc21)N1CCC(c2nc(C3=NOC(c4c(F)cccc4F)C3)cs2)CC1,False,,None
C=C1C(=O)OC(c2cc3ccccc3s2)C1c1ccc(C)cc1,True,168476009.0,CC1=CC=C(C=C1)C2C(OC(=O)C2=C)C3=CC4=CC=CC=C4S3
FC(F)(F)c1ccc(Oc2cc(Sc3nc4ccccc4[nH]3)ncn2)cc1,False,,None
OC(CCCN1CCC(O)(c2ccc(Cl)cc2)CC1)c1ccc2c(c1)CCCCC2,False,,None
COc1ccc(/C=C/C(=O)O/N=C/c2ccccc2F)cc1,True,175493836.0,COC1=CC=C(C=C1)C=CC(=O)ON=CC2=CC=CC=C2F
CCCCS(=O)(=O)C1=NN(C(C)=O)C(c2coc3ccc(Cl)cc3c2=O)S1=O,True,175543011.0,CCC(=O)N1C(S(=O)C(=N1)S(=O)(=O)C)C2=COC3=C(C2=O)C=C(C=C3)Cl
CC1=C(C(=O)N/N=C/C(=O)c2ccccc2C)C(c2ccccc2)NC(=O)N1,False,,None
Cc1ccc(S(=O)(=O)N[C@H](c2ccccc2)[C@H](NC(=S)NCc2ccccc2)c2ccccc2)cc1,True,118684825.0,CC1=CC=C(C=C1)S(=O)(=O)NC(C2=CC=CC=C2)C(C3=CC=CC=C3)NC(=S)NC4CCCCC4N(C)C
S=C(NCc1ccccc1)N[C@H](c1ccccc1)[C@H](NCc1c[nH]c2ccccc12)c1ccccc1,False,,None
CCCCC1=CC(=O)c2c(O)ccc(O)c2C1=O,True,10205.0,CC1=CC(=O)C2=C(C1=O)C=CC=C2O
c1ccc(-c2nc3ccccc3s2)c(OCCn2cc(COc3cccc4cccnc34)nn2)c1,False,,None
ClC(Cl)(Cl)c1nn2cnnc2s1,False,,None
C=CCc1cc(Br)c(O)c(-c2cc(CC=C)cc(Br)c2O)c1,True,12611577.0,CC1=CC(=CC(=C1O)Br)C(C)(C)C2=CC(=C(C(=C2)C)O)Br
O=C(/C=C/c1ccccc1Cl)Nc1c(C2=NCCO2)cnn1-c1ccc(Cl)cc1,False,,None
CC(C)CSSc1ncccn1,True,12278997.0,CC(C)SSC1=NC=CC=N1
O=S(=O)(N[C@H](c1ccccc1)[C@H](NC(=S)NCc1ccccc1)c1ccccc1)c1ccccc1,False,,None
CC1(C)C=Cc2c(cc(O)c3c2O[C@H](c2ccccc2)[C@@H](O)C3=O)O1,True,5280441.0,C1=CC(=CC=C1C2=CC(=O)C3=C(O2)C(=C(C=C3O)O)C4C(C(C(C(O4)CO)O)O)O)O
O=C(NC1CCS(=O)(=O)C1)c1ccc(-n2nc(-c3ccccc3O)nc2-c2ccccc2O)cc1,False,,None
CCOC(=O)Cc1csc(N/N=C(/C)CCC(=O)O)n1,False,,None
C[C@H](C(=O)N(C)C[C@@](O)(Cn1cncn1)c1ccc(Cl)cc1Cl)c1cccc(C(=O)c2ccccc2)c1,True,165178970.0,CC(C1=CC(=CC=C1)C(=O)C2=CC=CC=C2)C(=O)N(C)CC(CN3C=NC=N3)(C4=C(C=C(C=C4)Cl)Cl)O
O=C(OC1CCNC(=O)c2ccoc21)c1cscc1Br,False,,None
CN[C@H](c1ccccc1)[C@H](NC(=S)NCc1ccccc1)c1ccccc1,True,2828021.0,CC(C)NC(=S)NC(C1=CC=CC=C1)(C2=CC=CC=C2)C3=CC=CC=C3
CC[C@@H]1COC(c2ccccc2NC(=O)/C(=N\O)c2ccco2)=N1,False,,None
Cc1nc(-c2ccc(C(C)(C)C)cc2)sc1-c1nnc(N[C@H]2CCCC[C@H]2N)o1,False,,None
Cc1ccc(-n2ncc(C3=NCCO3)c2NC(=O)/C=C/c2ccccc2Cl)cc1,True,166068146.0,CC1=CC=C(C=C1)N2C(=C(C=N2)C3=NCCO3)NC(=O)C=CC4=CC(=CC=C4)Cl
CO/N=C1/c2ccsc2C(=O)c2c(C)noc21,False,,None
Cc1ccc(S(=O)(=O)Nc2ccc3c(c2)[C@]2(C)ON=C(c4ccccc4)[C@]2(N)O3)cc1,False,,None
Cc1cc(-c2ccccc2)c(C(=O)C(=O)Nc2ccc(N3CCN(c4ncc(F)cn4)CC3)cc2)n1C,True,91885568.0,CC1=CC(=C(N1C)C(=O)C(=O)NC2=CC=C(C=C2)N3CCN(CC3)C4=NC=C(C=N4)F)C5=CC=CC=C5
Cc1cc(N2CCN(c3ccc(C(=O)Nc4ccc(F)cc4)cc3)CC2)ccc1OC[C@@H]1CO[C@@](Cn2cncn2)(c2ccc(F)cc2F)C1,True,121383526.0,CC1=C(C=CC(=C1)N2CCN(CC2)C3=CC=C(C=C3)C(=O)NC4=CC=C(C=C4)F)OCC5CC(OC5)(CN6C=NC=N6)C7=C(C=C(C=C7)F)F
C[C@@H]1[C@H](O)[C@@H](C)/C=C/C=C/CC/C=C/C=C/C=C/C=C/C(O[C@H]2O[C@H](C)[C@@H](O)[C@H](N)[C@@H]2O)CC2O[C@](O)(CC(O)C(O)CCC(O)CC(O)CC(O)CC(=O)O[C@H]1C)CC(O)C2C(=O)O,True,5280965.0,CC1C=CC=CC=CC=CC=CC=CC=CC(CC2C(C(CC(O2)(CC(CC(C(CCC(CC(CC(=O)OC(C(C1O)C)C)O)O)O)O)O)O)O)C(=O)O)OC3C(C(C(C(O3)C)O)N)O
CN(C/C=C/c1ccccc1)Cc1cccc2ccccc12,True,2484.0,CC(C)(C)C1=CC=C(C=C1)CN(C)CC2=CC=CC3=CC=CC=C32
C[C@@H]1[C@H](O)[C@@H](C)/C=C/C=C/CC/C=C/C=C/C=C/C=C/[C@H](O[C@H]2O[C@@H](C)[C@H](O)[C@@H](N)[C@H]2O)C[C@@H]2O[C@](O)(C[C@@H](O)[C@H](O)CC[C@@H](O)C[C@@H](O)C[C@@H](O)CC(=O)O[C@H]1C)C[C@H](O)[C@H]2C(=O)O,True,5280965.0,CC1C=CC=CC=CC=CC=CC=CC=CC(CC2C(C(CC(O2)(CC(CC(C(CCC(CC(CC(=O)OC(C(C1O)C)C)O)O)O)O)O)O)O)C(=O)O)OC3C(C(C(C(O3)C)O)N)O
N=C(N)c1ccc(OCCCCCOc2ccc(C(=N)N)cc2)cc1,True,65130.0,C1=CC(=CC=C1C(=N)N)OCCCCCCOC2=CC=C(C=C2)C(=N)N
C[C@H]1[C@H](O)[C@@H](C)/C=C/C=C/CC/C=C/C=C/C=C/C=C/[C@H](O[C@@H]2O[C@H](C)[C@@H](O)[C@H](N)[C@@H]2O)C[C@@H]2O[C@](O)(C[C@@H](O)[C@H](O)CC[C@@H](O)C[C@@H](O)C[C@@H](O)CC(=O)O[C@H]1C)C[C@H](O)[C@H]2C(=O)O,True,5280965.0,CC1C=CC=CC=CC=CC=CC=CC=CC(CC2C(C(CC(O2)(CC(CC(C(CCC(CC(CC(=O)OC(C(C1O)C)C)O)O)O)O)O)O)O)C(=O)O)OC3C(C(C(C(O3)C)O)N)O
C[C@@H]1C[C@@H]([C@H](O)CC2CC(=O)NC(=O)C2)C(=O)[C@@H](C)C1,True,6197.0,CC1CC(C(=O)C(C1)C(CC2CC(=O)NC(=O)C2)O)C
On1ccccc1=S,True,1570.0,C1=CC(=S)N(C=C1)O
N#C/C(=C1/SCC(c2ccccc2Cl)S1)n1ccnc1,True,3003141.0,C1C(SC(=C(C#N)N2C=CN=C2)S1)C3=C(C=C(C=C3)Cl)Cl
COc1cccc(N(C)C(=S)Oc2ccc3c(c2)CCCC3)n1,True,3936.0,CN(C1=NC(=CC=C1)OC)C(=S)OC2=CC3=C(CCCC3)C=C2
C[C@@H]1[C@H](O)[C@@H](C)/C=C/C=C/CC/C=C/C=C/C=C/C=C/[C@H](O[C@H]2O[C@@H](C)[C@H](O)[C@@H](N)[C@H]2O)CC2O[C@](O)(C[C@@H](O)[C@H](O)CC[C@@H](O)C[C@@H](O)C[C@@H](O)CC(=O)O[C@H]1C)C[C@H](O)[C@H]2C(=O)O,True,5280965.0,CC1C=CC=CC=CC=CC=CC=CC=CC(CC2C(C(CC(O2)(CC(CC(C(CCC(CC(CC(=O)OC(C(C1O)C)C)O)O)O)O)O)O)O)C(=O)O)OC3C(C(C(C(O3)C)O)N)O
C[C@H]1[C@H](O)[C@@H](C)/C=C/C=C/CC/C=C/C=C/C=C/C=C/[C@H](O[C@@H]2O[C@H](C)[C@@H](O)C(N)[C@@H]2O)C[C@@H]2O[C@](O)(C[C@@H](O)[C@H](O)CC[C@@H](O)CC(O)C[C@@H](O)CC(=O)O[C@H]1C)C[C@H](O)[C@H]2C(=O)O,True,5280965.0,CC1C=CC=CC=CC=CC=CC=CC=CC(CC2C(C(CC(O2)(CC(CC(C(CCC(CC(CC(=O)OC(C(C1O)C)C)O)O)O)O)O)O)O)C(=O)O)OC3C(C(C(C(O3)C)O)N)O
CC1C=CC=CCCC=CC=CC=CC=CC(OC2OC(C)C(O)C(N)C2O)CC2OC(O)(CC(O)C(O)CCC(O)CC(O)CC(O)CC(=O)OC(C)C(C)C1O)CC(O)C2C(=O)O,True,5280965.0,CC1C=CC=CC=CC=CC=CC=CC=CC(CC2C(C(CC(O2)(CC(CC(C(CCC(CC(CC(=O)OC(C(C1O)C)C)O)O)O)O)O)O)O)C(=O)O)OC3C(C(C(C(O3)C)O)N)O
C[C@@H]1[C@H](O)[C@@H](C)C=CC=CCCC=CC=CC=CC=C[C@H](O[C@H]2O[C@@H](C)[C@H](O)[C@@H](N)[C@H]2O)CC2O[C@](O)(C[C@@H](O)[C@H](O)CC[C@@H](O)C[C@@H](O)C[C@@H](O)CC(=O)O[C@H]1C)C[C@H](O)[C@H]2C(=O)O,True,5280965.0,CC1C=CC=CC=CC=CC=CC=CC=CC(CC2C(C(CC(O2)(CC(CC(C(CCC(CC(CC(=O)OC(C(C1O)C)C)O)O)O)O)O)O)O)C(=O)O)OC3C(C(C(C(O3)C)O)N)O
CC(=O)N1CCN(c2ccc(OC[C@H]3CO[C@](Cn4ccnc4)(c4ccc(Cl)cc4Cl)O3)cc2)CC1,True,47576.0,CC(=O)N1CCN(CC1)C2=CC=C(C=C2)OCC3COC(O3)(CN4C=CN=C4)C5=C(C=C(C=C5)Cl)Cl
CC1[C@H](C)OC(=O)CC(O)CC(O)CC(O)CCC(O)C(O)C[C@]2(O)CC(O)C(C(=O)O)C(CC(OC3O[C@H](C)[C@@H](O)[C@H](N)[C@@H]3O)/C=C/C=C/C=C/C=C/CC/C=C/C=C/[C@H](C)[C@H]1O)O2,True,5280965.0,CC1C=CC=CC=CC=CC=CC=CC=CC(CC2C(C(CC(O2)(CC(CC(C(CCC(CC(CC(=O)OC(C(C1O)C)C)O)O)O)O)O)O)O)C(=O)O)OC3C(C(C(C(O3)C)O)N)O
CC(/C=C/C(=O)NO)=C\[C@@H](C)C(=O)c1ccc(N(C)C)cc1,True,444732.0,CC(C=C(C)C=CC(=O)NO)C(=O)C1=CC=C(C=C1)N(C)C
CCCCCOc1ccc(-c2ccc(-c3ccc(C(=O)N[C@H]4C[C@@H](O)[C@@H](O)NC(=O)[C@@H]5[C@@H](O)[C@@H](C)CN5C(=O)[C@H]([C@@H](C)O)NC(=O)[C@H]([C@H](O)[C@@H](O)c5ccc(O)cc5)NC(=O)[C@@H]5C[C@@H](O)CN5C(=O)[C@H]([C@@H](C)O)NC4=O)cc3)cc2)cc1,True,166548.0,CCCCCOC1=CC=C(C=C1)C2=CC=C(C=C2)C3=CC=C(C=C3)C(=O)NC4CC(C(NC(=O)C5C(C(CN5C(=O)C(NC(=O)C(NC(=O)C6CC(CN6C(=O)C(NC4=O)C(C)O)O)C(C(C7=CC=C(C=C7)O)O)O)C(C)O)C)O)O)O
C[C@H]1[C@@H](O)[C@H](C)/C=C/C=C\CC/C=C/C=C/C=C/C=C/C(O[C@@H]2O[C@@H](C)[C@H](O)[C@@H](N)[C@H]2O)CC2O[C@@](O)(CC(O)C(O)CCC(O)CC(O)CC(O)CC(=O)O[C@@H]1C)CC(O)C2C(=O)O,True,5280965.0,CC1C=CC=CC=CC=CC=CC=CC=CC(CC2C(C(CC(O2)(CC(CC(C(CCC(CC(CC(=O)OC(C(C1O)C)C)O)O)O)O)O)O)O)C(=O)O)OC3C(C(C(C(O3)C)O)N)O
S=C1SCN(Cc2ccccc2)CN1Cc1ccccc1,True,67686.0,C1N(CSC(=S)N1CC2=CC=CC=C2)CC3=CC=CC=C3
CC1/C=C/C=C/CC/C=C/C=C/C=C/C=C/C(O[C@@H]2O[C@H](C)[C@@H](O)[C@H](N)[C@@H]2O)CC2OC(O)(CC(O)C(O)CCC(O)CC(O)CC(O)CC(=O)OC(C)C(C)C1O)CC(O)C2C(=O)O,True,5280965.0,CC1C=CC=CC=CC=CC=CC=CC=CC(CC2C(C(CC(O2)(CC(CC(C(CCC(CC(CC(=O)OC(C(C1O)C)C)O)O)O)O)O)O)O)C(=O)O)OC3C(C(C(C(O3)C)O)N)O
C[C@@H]1[C@H](O)[C@@H](C)C=CC=CCCC=CC=CC=CC=CC(O[C@H]2O[C@H](C)[C@@H](O)[C@H](N)[C@@H]2O)CC2O[C@](O)(CC(O)C(O)CCC(O)CC(O)CC(O)CC(=O)O[C@H]1C)CC(O)C2C(=O)O,True,5280965.0,CC1C=CC=CC=CC=CC=CC=CC=CC(CC2C(C(CC(O2)(CC(CC(C(CCC(CC(CC(=O)OC(C(C1O)C)C)O)O)O)O)O)O)O)C(=O)O)OC3C(C(C(C(O3)C)O)N)O
CC1C=CC=CCCC=CC=CC=CC=CC(OC2OC(C)C(O)C(N)C2O)CC2O[C@](O)(CC(O)C(O)CCC(O)CC(O)CC(O)CC(=O)OC(C)C(C)C1O)CC(O)C2C(=O)O,True,5280965.0,CC1C=CC=CC=CC=CC=CC=CC=CC(CC2C(C(CC(O2)(CC(CC(C(CCC(CC(CC(=O)OC(C(C1O)C)C)O)O)O)O)O)O)O)C(=O)O)OC3C(C(C(C(O3)C)O)N)O
CC1C=CC=CCCC=CC=CC=CC=CC(O[C@@H]2O[C@H](C)[C@@H](O)[C@H](N)[C@@H]2O)CC2OC(O)(CC(O)C(O)CCC(O)CC(O)CC(O)CC(=O)OC(C)C(C)C1O)CC(O)C2C(=O)O,True,5280965.0,CC1C=CC=CC=CC=CC=CC=CC=CC(CC2C(C(CC(O2)(CC(CC(C(CCC(CC(CC(=O)OC(C(C1O)C)C)O)O)O)O)O)O)O)C(=O)O)OC3C(C(C(C(O3)C)O)N)O
C[C@@H]1[C@H](O)[C@@H](C)/C=C/C=C\CC/C=C/C=C/C=C/C=C/C(O[C@H]2O[C@H](C)[C@@H](O)[C@H](N)[C@@H]2O)CC2O[C@](O)(CC(O)C(O)CCC(O)CC(O)CC(O)CC(=O)O[C@H]1C)CC(O)C2C(=O)O,True,5280965.0,CC1C=CC=CC=CC=CC=CC=CC=CC(CC2C(C(CC(O2)(CC(CC(C(CCC(CC(CC(=O)OC(C(C1O)C)C)O)O)O)O)O)O)O)C(=O)O)OC3C(C(C(C(O3)C)O)N)O
Cc1nc2ccccc2n1Cc1ccc(Cl)cc1,True,2782.0,C1CCN(C1)CC2=NC3=CC=CC=C3N2CC4=CC=C(C=C4)Cl
C[C@@H]1C[C@H]2O[C@@H]2/C=C\C=C\C(=O)Cc2c(Cl)c(O)cc(O)c2C(=O)O1,True,6323491.0,CC1CC2C(O2)C=CC=CC(=O)CC3=C(C(=CC(=C3Cl)O)O)C(=O)O1
CN(C)c1ccc(C(O)(c2ccc(N(C)C)cc2)c2ccc(N(C)C)cc2)cc1,True,68050.0,CN(C)C1=CC=C(C=C1)C(C2=CC=C(C=C2)N(C)C)(C3=CC=C(C=C3)N(C)C)O
Nc1ncnc2c1ncn2[C@@H]1O[C@H](C[C@@H](N)CC[C@H](N)C(=O)O)[C@@H](O)[C@H]1O,True,65482.0,C1=NC(=C2C(=N1)N(C=N2)C3C(C(C(O3)CC(CCC(C(=O)O)N)N)O)O)N
O=c1[nH]sc2cc(Cl)ccc12,True,6258.0,C1=CC2=C(C=C1Cl)SNC2=O
CC[C@@H](C)[C@@H]1NC(=O)[C@@H]2CCCN2C(=O)[C@H](Cc2ccccc2)N(C)C(=O)[C@H](Cc2ccccc2)NC(=O)[C@H](C(C)C)N(C)C(=O)[C@@H]([C@H](C)CC)OC(=O)[C@H](C(C)(C)O)N(C)C(=O)[C@H](CC(C)C)NC(=O)[C@H](C(C)C)N(C)C1=O,True,9919816.0,CCC(C)C1C(=O)N(C(C(=O)NC(C(=O)N(C(C(=O)OC(C(=O)N(C(C(=O)NC(C(=O)N(C(C(=O)N2CCCC2C(=O)N1)CC3=CC=CC=C3)C)CC4=CC=CC=C4)C(C)C)C)C(C)CC)C(C)(C)O)C)CC(C)C)C(C)C)C
CCCCCCCCC(=O)O,True,379.0,CCCCCCCC(=O)O
S=c1[nH]c2ccccc2s1,True,697993.0,C1=CC=C2C(=C1)NC(=S)S2
O=C(O)c1ccccc1,True,243.0,C1=CC=C(C=C1)C(=O)O
O=C(O)CNCP(=O)(O)O,True,3496.0,C(C(=O)O)NCP(=O)(O)O
CCCCCC=O,True,6184.0,CCCCCC=O
Cc1cccc(N(C)C(=S)Oc2ccc3c(c2)C2CCC3C2)c1,True,5506.0,CC1=CC(=CC=C1)N(C)C(=S)OC2=CC3=C(C=C2)C4CCC3C4
Oc1ccc(Cl)cc1Cc1cc(Cl)ccc1O,True,8425.0,C1=CC=C(C=C1)CC2=C(C=CC(=C2)Cl)O
CC[C@@]1([C@@H]2O[C@@H]([C@H]3O[C@@](O)(CO)[C@H](C)C[C@@H]3C)C[C@@H]2C)CC[C@H]([C@]2(C)CC[C@]3(C[C@H](O)[C@@H](C)[C@@H]([C@@H](C)[C@@H](OC)[C@H](C)C(=O)O)O3)O2)O1,True,441145.0,CCC1(CCC(O1)C2(CCC3(O2)CC(C(C(O3)C(C)C(C(C)C(=O)O)OC)C)O)C)C4C(CC(O4)C5C(CC(C(O5)(CO)O)C)C)C
CCCC1COC(Cn2cncn2)(c2ccc(Cl)cc2Cl)O1,True,43234.0,CCCC1COC(O1)(CN2C=NC=N2)C3=C(C=C(C=C3)Cl)Cl
CCCCCOc1ccc(-c2ccc(-c3ccc(C(=O)N[C@H]4C[C@@H](O)[C@@H](OCC[N+](C)(C)C)NC(=O)[C@@H]5[C@@H](O)[C@@H](C)CN5C(=O)[C@H]([C@@H](C)O)NC(=O)[C@H]([C@H](O)[C@@H](O)c5ccc(O)cc5)NC(=O)[C@@H]5C[C@@H](O)CN5C(=O)[C@H]([C@@H](C)O)NC4=O)cc3)cc2)cc1,True,166548.0,CCCCCOC1=CC=C(C=C1)C2=CC=C(C=C2)C3=CC=C(C=C3)C(=O)NC4CC(C(NC(=O)C5C(C(CN5C(=O)C(NC(=O)C(NC(=O)C6CC(CN6C(=O)C(NC4=O)C(C)O)O)C(C(C7=CC=C(C=C7)O)O)O)C(C)O)C)O)O)O
CCCCCOc1ccccc1/C(=C\SC)n1ccnc1,True,5282433.0,CCCCCOC1=CC=CC=C1C(=CSC)N2C=CN=C2
S=[Se],True,24011.0,S=[Se]
CC(=O)OCC(COC(C)=O)OC(C)=O,True,5541.0,CC(=O)OCC(COC(=O)C)OC(=O)C
Clc1cc(Cl)c2c(c1)CCc1ccccc1C2n1ccnc1,True,72051.0,C1CC2=C(C(C3=CC=CC=C31)N4C=CN=C4)C(=CC(=C2)Cl)Cl
C/C=C/C[C@@H](C)[C@@H](O)[C@H]1C(=O)N[C@@H](CC)C(=O)N(C)CC(=O)N(C)[C@@H](CC(C)C)C(=O)N[C@@H](C(C)C)C(=O)N(C)[C@@H](CC(C)C)C(=O)N[C@@H](C)C(=O)N[C@H](C)C(=O)N(C)[C@@H](CC(C)C)C(=O)N(C)[C@@H](CC(C)C)C(=O)N(C)[C@@H](C(C)C)C(=O)N1C,True,5284373.0,CCC1C(=O)N(CC(=O)N(C(C(=O)NC(C(=O)N(C(C(=O)NC(C(=O)NC(C(=O)N(C(C(=O)N(C(C(=O)N(C(C(=O)N(C(C(=O)N1)C(C(C)CC=CC)O)C)C(C)C)C)CC(C)C)C)CC(C)C)C)C)C)CC(C)C)C)C(C)C)CC(C)C)C)C
C=CCOC(Cn1ccnc1)c1ccc(Cl)cc1Cl,True,4189.0,C1=CC(=C(C=C1Cl)Cl)COC(CN2C=CN=C2)C3=C(C=C(C=C3)Cl)Cl
CCC(C)n1ncn(-c2ccc(N3CCN(c4ccc(OCC5COC(Cn6cncn6)(c6ccc(Cl)cc6Cl)O5)cc4)CC3)cc2)c1=O,True,55283.0,CCC(C)N1C(=O)N(C=N1)C2=CC=C(C=C2)N3CCN(CC3)C4=CC=C(C=C4)OCC5COC(O5)(CN6C=NC=N6)C7=C(C=C(C=C7)Cl)Cl
CC(=O)c1c(O)c(C)c(O)c2c1OC1=CC(=O)C(C(C)=O)C(=O)C12C,True,5646.0,CC1=C(C(=C2C(=C1O)C3(C(=CC(=O)C(C3=O)C(=O)C)O2)C)C(=O)C)O
CCCCCCC(=O)CCCCCC/C=C/C[C@@H](O)[C@H](O)[C@@](N)(CO)C(=O)O,True,6438394.0,CCCCCCC(=O)CCCCCCC=CCC(C(C(CO)(C(=O)O)N)O)O
CCC(C)n1ncn(-c2ccc(N3CCN(c4ccc(OC[C@@H]5CO[C@@](Cn6cncn6)(c6ccc(Cl)cc6Cl)O5)cc4)CC3)cc2)c1=O,True,55283.0,CCC(C)N1C(=O)N(C=N1)C2=CC=C(C=C2)N3CCN(CC3)C4=CC=C(C=C4)OCC5COC(O5)(CN6C=NC=N6)C7=C(C=C(C=C7)Cl)Cl
CN(CC[C@H](N)CC(=O)N[C@H]1C=C[C@H](n2ccc(N)nc2=O)O[C@@H]1C(=O)O)C(=N)N,True,170012.0,CN(CCC(CC(=O)NC1C=CC(OC1C(=O)O)N2C=CC(=NC2=O)N)N)C(=N)N
CSCC1CN(/N=C/c2ccc([N+](=O)[O-])o2)C(=O)O1,True,6433427.0,CSCC1CN(C(=O)O1)N=CC2=CC=C(O2)[N+](=O)[O-]
O=C1C=C(O)c2ccccc2C1=O,True,6755.0,C1=CC=C2C(=C1)C(=CC(=O)C2=O)O
CCCCCCCCCCC(=O)O,True,379.0,CCCCCCCC(=O)O
Nc1ncnc2c1ncn2[C@@H]1O[C@H](CO)C[C@H]1O,True,60961.0,C1=NC(=C2C(=N1)N(C=N2)C3C(C(C(O3)CO)O)O)N
COc1cc(NCc2ccc3nc(N)nc(N)c3c2C)cc(OC)c1OC,True,5583.0,CC1=C(C=CC2=C1C(=NC(=N2)N)N)CNC3=CC(=C(C(=C3)OC)OC)OC
CC(=O)N1CCN(c2ccc(OCC3CO[C@](Cn4ccnc4)(c4ccc(Cl)cc4Cl)O3)cc2)CC1,True,47576.0,CC(=O)N1CCN(CC1)C2=CC=C(C=C2)OCC3COC(O3)(CN4C=CN=C4)C5=C(C=C(C=C5)Cl)Cl
C[C@@H]1CC=CC=CC=CC=C[C@H](O[C@@H]2O[C@H](C)[C@@H](O)[C@H](N)[C@@H]2O)C[C@@H]2O[C@](O)(C[C@@H](O)C[C@H]3O[C@@H]3C=CC(=O)O1)C[C@H](O)[C@H]2C(=O)O,True,5284447.0,CC1CC=CC=CC=CC=CC(CC2C(C(CC(O2)(CC(CC3C(O3)C=CC(=O)O1)O)O)O)C(=O)O)OC4C(C(C(C(O4)C)O)N)O
N#CC(CCc1ccc(Cl)cc1)(Cn1cncn1)c1ccccc1,True,6336.0,CCCCC(CN1C=NC=N1)(C#N)C2=CC=C(C=C2)Cl
O=[N+]([O-])c1ccc(O)c2ncccc12,True,19910.0,C1=CC2=C(C=CC(=C2N=C1)O)[N+](=O)[O-]
CC(C)N1CCN(c2ccc(OC[C@H]3CO[C@](Cn4cncn4)(c4ccc(Cl)cc4Cl)O3)cc2)CC1,True,441383.0,CC(C)N1CCN(CC1)C2=CC=C(C=C2)OCC3COC(O3)(CN4C=NC=N4)C5=C(C=C(C=C5)Cl)Cl
C[C@@H]([C@H](N)C(=O)N[C@H](C(=O)O)[C@H]1O[C@@H](n2ccc(=O)[nH]c2=O)[C@H](O)[C@@H]1O)[C@H](O)c1ccc(O)cn1,True,456557.0,CC(C(C1=NC=C(C=C1)O)O)C(C(=O)NC(C2C(C(C(O2)N3C=CC(=O)NC3=O)O)O)C(=O)O)N
CCCCCC[C@H]1C(=O)O[C@H](C)[C@H](NC(=O)c2cccc(NC=O)c2O)C(=O)O[C@@H](C)[C@@H]1OC(=O)CC(C)C,True,14957.0,CCCCCCC1C(C(OC(=O)C(C(OC1=O)C)NC(=O)C2=C(C(=CC=C2)NC=O)O)C)OC(=O)CC(C)C
Cc1c(Br)cc(Br)c(O)c1Br,True,20737.0,CC1=C(C(=C(C=C1Br)Br)O)Br
CC1C/C=C/C=C/C=C/C=C/C(O[C@@H]2O[C@H](C)[C@@H](O)[C@H](N)[C@@H]2O)CC2OC(O)(CC(O)CC3OC3/C=C/C(=O)O1)CC(O)C2C(=O)O,True,5284447.0,CC1CC=CC=CC=CC=CC(CC2C(C(CC(O2)(CC(CC3C(O3)C=CC(=O)O1)O)O)O)C(=O)O)OC4C(C(C(C(O4)C)O)N)O
CC[C@H](C)C(=O)O[C@H]1CCC=C2C=C[C@H](C)[C@H](CC[C@@H]3C[C@@H](O)CC(=O)O3)[C@H]21,True,53232.0,CCC(C)C(=O)OC1CC(C=C2C1C(C(C=C2)C)CCC3CC(CC(=O)O3)O)C
C=CCSSSCC=C,True,16590.0,C=CCSSCC=C
C[C@H]1CC[C@]2(NC1)O[C@H]1C[C@H]3[C@@H]4CC[C@H]5C[C@@H](O[C@@H]6O[C@H](CO)[C@H](O[C@@H]7O[C@H](CO)[C@@H](O)[C@H](O[C@@H]8OC[C@@H](O)[C@H](O)[C@H]8O)[C@H]7O[C@@H]7O[C@H](CO)[C@@H](O)[C@H](O)[C@H]7O)[C@H](O)[C@H]6O)CC[C@]5(C)[C@H]4CC[C@]3(C)[C@H]1[C@@H]2C,True,28523.0,CC1CCC2(C(C3C(O2)CC4C3(CCC5C4CCC6C5(CCC(C6)OC7C(C(C(C(O7)CO)OC8C(C(C(C(O8)CO)O)OC9C(C(C(CO9)O)O)O)OC2C(C(C(C(O2)CO)O)O)O)O)O)C)C)C)NC1
C=C1C[C@H](N)[C@H](C(=O)O)C1,True,216240.0,C=C1CC(C(C1)N)C(=O)O
C[C@@H]1C/C=C/C=C\C=C\C=C\[C@H](O[C@@H]2O[C@H](C)[C@@H](O)[C@H](N)[C@@H]2O)C[C@@H]2O[C@](O)(C[C@@H](O)C[C@H]3O[C@@H]3/C=C/C(=O)O1)C[C@H](O)[C@H]2C(=O)O,True,5284447.0,CC1CC=CC=CC=CC=CC(CC2C(C(CC(O2)(CC(CC3C(O3)C=CC(=O)O1)O)O)O)C(=O)O)OC4C(C(C(C(O4)C)O)N)O
C[C@@H]1C/C=C/C=C/C=C/C=C/[C@H](OC2O[C@H](C)[C@@H](O)[C@H](N)[C@@H]2O)CC2O[C@](O)(C[C@@H](O)C[C@H]3O[C@@H]3/C=C/C(=O)O1)C[C@H](O)[C@H]2C(=O)O,True,5284447.0,CC1CC=CC=CC=CC=CC(CC2C(C(CC(O2)(CC(CC3C(O3)C=CC(=O)O1)O)O)O)C(=O)O)OC4C(C(C(C(O4)C)O)N)O
CC(C)(C)C(=O)C(Oc1ccc(Cl)cc1)n1ccnc1,True,37907.0,CC(C)(C)C(=O)C(N1C=CN=C1)OC2=CC=C(C=C2)Cl
COc1ccc(C(=CC(=O)N2CCOCC2)c2ccc(Cl)cc2)cc1OC,True,86298.0,COC1=C(C=C(C=C1)C(=CC(=O)N2CCOCC2)C3=CC=C(C=C3)Cl)OC
C[C@H]1CCC/C=C/[C@@H]2C[C@H](O)C[C@H]2[C@H](O)/C=C/C(=O)O1,True,5287620.0,CC1CCCC=CC2CC(CC2C(C=CC(=O)O1)O)O
[N-]=[N+]=CC(=O)OC[C@H](N)C(=O)O,True,460129.0,C(C(C(=O)O)N)OC(=O)C=[N+]=[N-]
CC(C)(C)C(O)/C(=C\c1ccc(Cl)cc1Cl)n1cncn1,True,6436605.0,CC(C)(C)C(C(=CC1=C(C=C(C=C1)Cl)Cl)N2C=NC=N2)O
COC[C@H]1OC(=O)c2coc3c2[C@@]1(C)C1=C(C3=O)[C@@H]2CCC(=O)[C@@]2(C)C[C@H]1OC(C)=O,True,312145.0,CC(=O)OC1CC2(C(CCC2=O)C3=C1C4(C(OC(=O)C5=COC(=C54)C3=O)COC)C)C
C[C@@H]1C/C=C/C=C/C=C/C=C/[C@H](OC2O[C@H](C)[C@@H](O)[C@H](N)[C@@H]2O)C[C@@H]2O[C@](O)(C[C@@H](O)C[C@H]3O[C@@H]3/C=C/C(=O)O1)C[C@H](O)[C@H]2C(=O)O,True,5284447.0,CC1CC=CC=CC=CC=CC(CC2C(C(CC(O2)(CC(CC3C(O3)C=CC(=O)O1)O)O)O)C(=O)O)OC4C(C(C(C(O4)C)O)N)O
CC1OC(OC2/C=C/C=C/C=C/C=C/CC/C=C/C=C/[C@H](C)[C@@H](O)[C@@H](C)[C@H](C)OC(=O)CC(O)CC(O)CC(O)CCC(O)C(O)C[C@]3(O)CC(O)C(C(=O)O)C(C2)O3)C(O)C(N)C1O,True,5280965.0,CC1C=CC=CC=CC=CC=CC=CC=CC(CC2C(C(CC(O2)(CC(CC(C(CCC(CC(CC(=O)OC(C(C1O)C)C)O)O)O)O)O)O)O)C(=O)O)OC3C(C(C(C(O3)C)O)N)O
O=C(NO)c1ccccc1O,True,5147.0,C1=CC=C(C(=C1)C(=O)N)O
COC1=CC(=O)CC(C)C12Oc1c(Cl)c(OC)cc(OC)c1C2=O,True,441140.0,CC1CC(=O)C=C(C12C(=O)C3=C(O2)C(=C(C=C3OC)OC)Cl)OC
C[C@@H]1C/C=C\C=C\C=C\C=C\[C@H](OC2O[C@H](C)[C@@H](O)[C@H](N)[C@@H]2O)CC2O[C@](O)(C[C@@H](O)C[C@@H]3O[C@@H]3/C=C\C(=O)O1)C[C@H](O)[C@H]2C(=O)O,True,5284447.0,CC1CC=CC=CC=CC=CC(CC2C(C(CC(O2)(CC(CC3C(O3)C=CC(=O)O1)O)O)O)C(=O)O)OC4C(C(C(C(O4)C)O)N)O
CO/C(=C/C(N)=O)[C@H](C)[C@H](/C=C/c1csc(-c2csc([C@@H](C)/C=C/C=C/C(C)C)n2)n1)OC,True,10972974.0,CC(C)C=CC=CC(C)C1=NC(=CS1)C2=NC(=CS2)C=CC(C(C)C(=CC(=O)N)OC)OC
C[C@@H]1[C@H](OC2C[C@@H](O)[C@@H](O)[C@H](C)O2)[C@@H](C)/C=C/C=C/CC/C=C/C=C/C=C/C=C/[C@H](O[C@@H]2O[C@H](C)[C@@H](O)[C@H](N)[C@@H]2O)C[C@@H]2O[C@](O)(C[C@@H](O)[C@H](O)CC[C@@H](O)C[C@@H](O)C[C@@H](O)CC(=O)O[C@H]1C)C[C@H](O)[C@H]2C(=O)O,True,5280965.0,CC1C=CC=CC=CC=CC=CC=CC=CC(CC2C(C(CC(O2)(CC(CC(C(CCC(CC(CC(=O)OC(C(C1O)C)C)O)O)O)O)O)O)O)C(=O)O)OC3C(C(C(C(O3)C)O)N)O
O=c1[nH]c(=O)n(Cl)c(=O)n1Cl,True,16726.0,C1(=O)NC(=O)N(C(=O)N1Cl)Cl
CC1CC=CC=CC=CC=CC(OC2OC(C)C(O)C(N)C2O)CC2OC(O)(CC(O)CC3OC3C=CC(=O)O1)CC(O)C2C(=O)O,True,5284447.0,CC1CC=CC=CC=CC=CC(CC2C(C(CC(O2)(CC(CC3C(O3)C=CC(=O)O1)O)O)O)C(=O)O)OC4C(C(C(C(O4)C)O)N)O
COc1ccc(/C(=C/C(=O)N2CCOCC2)c2ccc(Cl)cc2)cc1OC,True,86298.0,COC1=C(C=C(C=C1)C(=CC(=O)N2CCOCC2)C3=CC=C(C=C3)Cl)OC
C[C@@H]1O[C@@H](O[C@@H]2/C=C\C=C/C=C\C=C/C[C@H](C)OC(=O)/C=C\[C@H]3O[C@@H]3C[C@H](O)C[C@]3(O)C[C@@H](O)[C@@H](C(=O)O)[C@H](C2)O3)[C@H](O)[C@H](N)[C@@H]1O,True,5284447.0,CC1CC=CC=CC=CC=CC(CC2C(C(CC(O2)(CC(CC3C(O3)C=CC(=O)O1)O)O)O)C(=O)O)OC4C(C(C(C(O4)C)O)N)O
CO/C1=C\C(C)=C\[C@@H](C)[C@@H](O)[C@@H](C)C/C(C)=C/C=C/[C@H](OC)[C@@H]([C@@H](C)[C@@H](O)[C@H](C)[C@@]2(O)C[C@@H](O)[C@H](C)[C@@H](C(C)C)O2)OC1=O,True,6436223.0,CC1CC(=CC=CC(C(OC(=O)C(=CC(=CC(C1O)C)C)OC)C(C)C(C(C)C2(CC(C(C(O2)C(C)C)C)O)O)O)OC)C
CO[C@@H](/C(C)=C/C=C/C(C)=C/c1coc(C)n1)[C@@H](C)[C@@H]1C[C@H](O)[C@@]2(C)O[C@@H]2/C=C/[C@@H](C)[C@H]2C[C@H](CC(=O)O2)C[C@@H]2O[C@H]2C(=O)O1,True,6437358.0,CC1C=CC2C(O2)(C(CC(OC(=O)C3C(O3)CC4CC1OC(=O)C4)C(C)C(C(=CC=CC(=CC5=COC(=N5)C)C)C)OC)O)C
CCC(=C/[C@H](C)C/C=C/C(C)=C/[C@@H](C)C(=O)[C@@H](C)[C@H](O)[C@@H](C)C/C(C)=C/C(=O)O)/C=C/[C@@H]1OC(=O)C=C[C@@H]1C,True,6917907.0,CCC(=CC(C)CC=CC(=CC(C)C(=O)C(C)C(C(C)CC(=CC(=O)O)C)O)C)C=CC1C(C=CC(=O)O1)C
C=C(CC[C@]12O[C@H](C(=O)O)[C@@](O)(C(=O)O)[C@](C(=O)O)(O1)[C@H](OC(=O)/C=C/[C@@H](C)C[C@@H](C)CC)[C@H]2O)[C@@H](OC(C)=O)[C@H](C)Cc1ccccc1,True,6438355.0,CCC(C)CC(C)C=CC(=O)OC1C(C2(OC(C(C1(O2)C(=O)O)(C(=O)O)O)C(=O)O)CCC(=C)C(C(C)CC3=CC=CC=C3)OC(=O)C)O
Clc1ccc(C2(Cn3cncn3)OCCO2)c(Cl)c1,True,43234.0,CCCC1COC(O1)(CN2C=NC=N2)C3=C(C=C(C=C3)Cl)Cl
CCC(C)n1ncn(-c2ccc(N3CCN(c4ccc(OC[C@@H]5CO[C@@](Cn6cncn6)(c6ccc(F)cc6F)O5)cc4)CC3)cc2)c1=O,True,122699331.0,CCC(C)N1C(=O)N(C=N1)C2=CC=C(C=C2)N3CCN(CC3)C4=CC=C(C=C4)OCC5COC(O5)(CN6C=NC=N6)C7=CC=CC=C7
CC(=O)N1CCN(c2ccc(OC[C@H]3COC(Cn4ccnc4)(c4ccc(Cl)cc4Cl)O3)cc2)CC1,True,47576.0,CC(=O)N1CCN(CC1)C2=CC=C(C=C2)OCC3COC(O3)(CN4C=CN=C4)C5=C(C=C(C=C5)Cl)Cl
C[C@@H]1[C@H](O)[C@@H](C)/C=C/C=C/CC/C=C/C=C/C=C/C=C[C@H](O[C@@H]2O[C@H](C)[C@@H](O)[C@H](N)[C@@H]2O)C[C@@H]2O[C@](O)(C[C@@H](O)[C@H](O)CC[C@@H](O)C[C@@H](O)C[C@@H](O)CC(=O)O[C@H]1C)C[C@H](O)[C@H]2C(=O)O,True,5280965.0,CC1C=CC=CC=CC=CC=CC=CC=CC(CC2C(C(CC(O2)(CC(CC(C(CCC(CC(CC(=O)OC(C(C1O)C)C)O)O)O)O)O)O)O)C(=O)O)OC3C(C(C(C(O3)C)O)N)O
Cc1ccc(Oc2ccccc2-c2csc(NC3=NCCCN3)n2)c(C)c1,True,159326.0,CC1=CC(=C(C=C1)OC2=CC=CC=C2C3=CSC(=N3)NC4=NCCCN4)C
Cc1cc(O)c2c(c1)Cc1cccc(O)c1C2=O,True,10208.0,CC1=CC2=C(C(=C1)O)C(=O)C3=C(C2=O)C=CC=C3O
CCC(C)CC(C)CCCCCCCCC(=O)N[C@H]1C[C@@H](O)[C@@H](NCCN)NC(=O)[C@@H]2[C@@H](O)CCN2C(=O)[C@H]([C@H](O)CCN)NC(=O)[C@H]([C@H](O)[C@@H](O)c2ccc(O)cc2)NC(=O)[C@@H]2C[C@@H](O)CN2C(=O)[C@H]([C@@H](C)O)NC1=O,True,16119814.0,CCC(C)CC(C)CCCCCCCCC(=O)NC1CC(C(NC(=O)C2C(CCN2C(=O)C(NC(=O)C(NC(=O)C3CC(CN3C(=O)C(NC1=O)C(C)O)O)C(C(C4=CC=C(C=C4)O)O)O)C(CCN)O)O)NCCN)O
CC1O[C@@H](OC2/C=C/C=C/C=C/C=C/C[C@@H](C)OC(=O)/C=C/[C@H]3O[C@@H]3C[C@H](O)C[C@]3(O)C[C@H](O)[C@@H](C(=O)O)[C@H](C2)O3)C(O)C(N)[C@@H]1O,True,5284447.0,CC1CC=CC=CC=CC=CC(CC2C(C(CC(O2)(CC(CC3C(O3)C=CC(=O)O1)O)O)O)C(=O)O)OC4C(C(C(C(O4)C)O)N)O
CCC(C)(C)c1ccc(C[C@H](C)CN2C[C@@H](C)O[C@@H](C)C2)cc1,True,93365.0,CC1CN(CC(O1)C)CC(C)CC2=CC=C(C=C2)C(C)(C)C
CC/C=C\CC=O,True,643941.0,CCC=CCC=O
C[C@@H]1C/C=C\C=C/C=C\C=C/[C@H](O[C@@H]2O[C@H](C)[C@@H](O)[C@H](N)[C@@H]2O)C[C@@H]2O[C@](O)(C[C@@H](O)C[C@H]3O[C@@H]3/C=C\C(=O)O1)C[C@H](O)[C@H]2C(=O)O,True,5284447.0,CC1CC=CC=CC=CC=CC(CC2C(C(CC(O2)(CC(CC3C(O3)C=CC(=O)O1)O)O)O)C(=O)O)OC4C(C(C(C(O4)C)O)N)O
C[C@@H]1C/C=C/C=C/C=C/C=C/[C@H](O[C@@H]2O[C@H](C)[C@@H](O)[C@H](N)[C@@H]2O)C[C@@H]2O[C@](O)(C[C@@H](O)C[C@H]3O[C@@H]3C=CC(=O)O1)C[C@H](O)[C@H]2C(=O)O,True,5284447.0,CC1CC=CC=CC=CC=CC(CC2C(C(CC(O2)(CC(CC3C(O3)C=CC(=O)O1)O)O)O)C(=O)O)OC4C(C(C(C(O4)C)O)N)O
CC1(C)CCC[C@]2(C)[C@@H](C=O)C(C=O)=CC[C@@H]12,True,72503.0,CC1(CCCC2(C1CC=C(C2C=O)C=O)C)C
C[C@@H]1C/C=C/C=C/C=C/C=C/[C@H](O[C@@H]2O[C@H](C)[C@@H](O)[C@H](N)[C@H]2O)C[C@@H]2O[C@](O)(C[C@@H](O)C[C@H]3O[C@@H]3/C=C/C(=O)O1)C[C@H](O)[C@H]2C(=O)O,True,5284447.0,CC1CC=CC=CC=CC=CC(CC2C(C(CC(O2)(CC(CC3C(O3)C=CC(=O)O1)O)O)O)C(=O)O)OC4C(C(C(C(O4)C)O)N)O
C[C@@H]1C/C=C/C=C/C=C/C=C/[C@@H](O[C@@H]2O[C@H](C)[C@@H](O)[C@H](N)[C@@H]2O)C[C@@H]2O[C@](O)(C[C@@H](O)C[C@@H]3O[C@H]3/C=C/C(=O)O1)C[C@H](O)[C@H]2C(=O)O,True,5284447.0,CC1CC=CC=CC=CC=CC(CC2C(C(CC(O2)(CC(CC3C(O3)C=CC(=O)O1)O)O)O)C(=O)O)OC4C(C(C(C(O4)C)O)N)O
N=C(N)c1ccc(/C=C/c2ccc(C(=N)N)cc2O)cc1,True,5284571.0,C1=CC(=CC=C1C=CC2=C(C=C(C=C2)C(=N)N)O)C(=N)N
CC(C)=CCC1=C(O)c2ccccc2C(=O)C1=O,True,6755.0,C1=CC=C2C(=C1)C(=CC(=O)C2=O)O
C[C@@H]1C/C=C/C=C/C=C/C=C/C(O[C@@H]2O[C@H](C)[C@@H](O)[C@H](N)[C@@H]2O)C[C@@H]2O[C@](O)(C[C@@H](O)C[C@H]3O[C@@H]3/C=C/C(=O)O1)C[C@H](O)[C@H]2C(=O)O,True,5284447.0,CC1CC=CC=CC=CC=CC(CC2C(C(CC(O2)(CC(CC3C(O3)C=CC(=O)O1)O)O)O)C(=O)O)OC4C(C(C(C(O4)C)O)N)O
C[C@@H]1O[C@@H](CC(=O)O)CC2=C1C(=O)c1c(O)cccc1C2=O,True,442757.0,CC1C2=C(CC(O1)CC(=O)O)C(=O)C3=C(C2=O)C(=CC=C3)O
O=c1[nH]c2cc(Cl)c(Br)cc2o1,True,21749.0,C1=C2C(=CC(=C1Cl)Br)OC(=O)N2
C[C@@H]1[C@H](O)[C@@H](C)/C=C/C=C/CC/C=C/C=C/C=C/C=C/C(O[C@@H]2O[C@H](C)[C@@H](O)[C@H](N)[C@@H]2O)C[C@@H]2O[C@@](O)(CC(O)[C@H]2C(=O)O)C[C@H](O)[C@@H](O)CC[C@H](O)C[C@H](O)C[C@H](O)CC(=O)O[C@H]1C,True,5280965.0,CC1C=CC=CC=CC=CC=CC=CC=CC(CC2C(C(CC(O2)(CC(CC(C(CCC(CC(CC(=O)OC(C(C1O)C)C)O)O)O)O)O)O)O)C(=O)O)OC3C(C(C(C(O3)C)O)N)O
C[C@@H]1C/C=C/C=C/C=C/C=C/[C@H](O[C@@H]2O[C@H](C)[C@@H](O)[C@H](N)[C@@H]2O)C[C@@H]2O[C@](O)(C[C@@H](O)C[C@@H]3O[C@@H]3/C=C/C(=O)O1)C[C@H](O)[C@H]2C(=O)O,True,5284447.0,CC1CC=CC=CC=CC=CC(CC2C(C(CC(O2)(CC(CC3C(O3)C=CC(=O)O1)O)O)O)C(=O)O)OC4C(C(C(C(O4)C)O)N)O
N[C@H](C(=O)O)[C@@H]1CC(Cl)=NO1,True,294641.0,C1C(ON=C1Cl)C(C(=O)O)N
Clc1ccc([C@H](Cn2ccnc2)OCc2csc3c(Cl)cccc23)c(Cl)c1,True,200103.0,C1=CC2=C(C(=C1)Cl)SC=C2COC(CN3C=CN=C3)C4=C(C=C(C=C4)Cl)Cl.[N+](=O)(O)[O-]
C[C@@H]1C/C=C\C=C/C=C\C=C/[C@@H](OC2O[C@H](C)[C@@H](O)[C@H](N)[C@H]2O)C[C@@H]2O[C@@](O)(C[C@H](O)C[C@@H]3O[C@H]3/C=C\C(=O)O1)C[C@@H](O)[C@H]2C(=O)O,True,5284447.0,CC1CC=CC=CC=CC=CC(CC2C(C(CC(O2)(CC(CC3C(O3)C=CC(=O)O1)O)O)O)C(=O)O)OC4C(C(C(C(O4)C)O)N)O
CC1CC=CC=CC=CC=CC(OC2OC(C)C(O)C(N)C2O)CC2O[C@](O)(CC(O)CC3OC3C=CC(=O)O1)CC(O)C2C(=O)O,True,5284447.0,CC1CC=CC=CC=CC=CC(CC2C(C(CC(O2)(CC(CC3C(O3)C=CC(=O)O1)O)O)O)C(=O)O)OC4C(C(C(C(O4)C)O)N)O
CCCCCCOc1ccccc1C(N)=O,True,3282.0,CCOC1=CC=CC=C1C(=O)N
CCCCNC(=O)c1ccc(Cl)cc1O,True,68466.0,CCCCNC(=O)C1=C(C=C(C=C1)Cl)O
C/C1=C\[C@H](C)C[C@H](C)OC(=O)C[C@H](c2ccc(O)cc2)NC(=O)[C@@H](Cc2c(Br)[nH]c3ccccc23)N(C)C(=O)[C@H](C)NC(=O)[C@@H](C)C1,True,9831636.0,CC1CC(OC(=O)CC(NC(=O)C(N(C(=O)C(NC(=O)C(CC(=C1)C)C)C)C)CC2=C(NC3=CC=CC=C32)Br)C4=CC=C(C=C4)O)C
C/C=C/CC(C)C(O)C1C(=O)NC(CC)C(=O)N(C)CC(=O)N(C)C(CC(C)C)C(=O)NC(C(C)C)C(=O)N(C)C(CC(C)C)C(=O)NC(C)C(=O)NC(C)C(=O)N(C)C(CC(C)C)C(=O)N(C)C(CC(C)C)C(=O)N(C)C(C(C)C)C(=O)N1C,True,5284373.0,CCC1C(=O)N(CC(=O)N(C(C(=O)NC(C(=O)N(C(C(=O)NC(C(=O)NC(C(=O)N(C(C(=O)N(C(C(=O)N(C(C(=O)N(C(C(=O)N1)C(C(C)CC=CC)O)C)C(C)C)C)CC(C)C)C)CC(C)C)C)C)C)CC(C)C)C)C(C)C)CC(C)C)C)C
CC(C)(C)[C@@H](O)/C(=C\c1ccc(Cl)cc1Cl)n1cncn1,True,6436605.0,CC(C)(C)C(C(=CC1=C(C=C(C=C1)Cl)Cl)N2C=NC=N2)O
CC1CCC2(NC1)OC1CC3C4CCC5CC(OC6OC(CO)C(OC7OC(CO)C(O)C(OC8OCC(O)C(O)C8O)C7OC7OC(CO)C(O)C(O)C7O)C(O)C6O)CCC5(C)C4CCC3(C)C1C2C,True,28523.0,CC1CCC2(C(C3C(O2)CC4C3(CCC5C4CCC6C5(CCC(C6)OC7C(C(C(C(O7)CO)OC8C(C(C(C(O8)CO)O)OC9C(C(C(CO9)O)O)O)OC2C(C(C(C(O2)CO)O)O)O)O)O)C)C)C)NC1
COc1ccc(/C(=C\C(=O)N2CCOCC2)c2ccc(Cl)cc2)cc1OC,True,86298.0,COC1=C(C=C(C=C1)C(=CC(=O)N2CCOCC2)C3=CC=C(C=C3)Cl)OC
CC1C/C=C/C=C/C=C/C=C/C(OC2OC(C)C(O)C(N)C2O)CC2OC(O)(CC(O)CC3OC3/C=C/C(=O)O1)CC(O)C2C(=O)O,True,5284447.0,CC1CC=CC=CC=CC=CC(CC2C(C(CC(O2)(CC(CC3C(O3)C=CC(=O)O1)O)O)O)C(=O)O)OC4C(C(C(C(O4)C)O)N)O
C[C@@H]1C/C=C/C=C/C=C/C=C/[C@H](O[C@H]2O[C@@H](C)[C@H](O)[C@@H](N)[C@H]2O)C[C@@H]2O[C@](O)(C[C@@H](O)C[C@H]3O[C@@H]3/C=C/C(=O)O1)C[C@H](O)[C@H]2C(=O)O,True,5284447.0,CC1CC=CC=CC=CC=CC(CC2C(C(CC(O2)(CC(CC3C(O3)C=CC(=O)O1)O)O)O)C(=O)O)OC4C(C(C(C(O4)C)O)N)O
C[C@@H]1C/C=C/C=C/C=C/C=C[C@H](O[C@@H]2O[C@H](C)[C@@H](O)[C@H](N)[C@@H]2O)C[C@@H]2O[C@](O)(C[C@@H](O)C[C@H]3O[C@@H]3/C=C/C(=O)O1)C[C@H](O)[C@H]2C(=O)O,True,5284447.0,CC1CC=CC=CC=CC=CC(CC2C(C(CC(O2)(CC(CC3C(O3)C=CC(=O)O1)O)O)O)C(=O)O)OC4C(C(C(C(O4)C)O)N)O
NC[C@H](Cl)[C@@H](O)c1cnc(N)[nH]1,True,65911.0,C1=C(NC(=N1)N)C(C(CN)Cl)O
CCCCCCCCCCCCC[C@@H]1CC(=O)N[C@H]([C@@H](C)O)C(=O)N[C@H](C)C(=O)N[C@@H](Cc2ccc(O)cc2)C(=O)N[C@@H](C(C)C)C(=O)N2C[C@H](O)C[C@H]2C(=O)N[C@H]([C@@H](C)O)C(=O)N[C@@H]([C@@H](C)O)C(=O)N2CC[C@H](O)[C@H]2C(=O)N[C@@H]([C@H](O)CC(N)=O)C(=O)NCC(=O)N[C@H]([C@@H](C)O)C(=O)N[C@@H](CCCN)C(=O)O1,True,485154.0,CCCCCCCCCCCCCC1CC(=O)NC(C(=O)NC(C(=O)NC(C(=O)NC(C(=O)N2CC(CC2C(=O)NC(C(=O)NC(C(=O)N3CCC(C3C(=O)NC(C(=O)NCC(=O)NC(C(=O)NC(C(=O)O1)CCCN)C(C)O)C(CC(=O)N)O)O)C(C)O)C(C)O)O)C(C)C)CC4=CC=C(C=C4)O)C)C(C)O
CCCCCCC1C(=O)O[C@H](C)[C@H](NC(=O)c2cccc(NC=O)c2O)C(=O)O[C@@H](C)[C@@H]1OC(=O)CC(C)C,True,14957.0,CCCCCCC1C(C(OC(=O)C(C(OC1=O)C)NC(=O)C2=C(C(=CC=C2)NC=O)O)C)OC(=O)CC(C)C
O=C/C=C/C=C/C=O,True,5986428.0,C=CC=CC=O
C=CCSS/C=C/CS(=O)CC=C,True,5386591.0,C=CCSSC=CCS(=O)CC=C
Nc1c(-c2cc(Cc3ccc(COc4ccccn4)cc3)no2)ccc[n+]1COP(=O)([O-])O,True,16719049.0,C1=CC=NC(=C1)OCC2=CC=C(C=C2)CC3=NOC(=C3)C4=C(N=CC=C4)N
CCCCC[C@@H](O)[C@H]1C(=O)O[C@H](C)[C@@H](O)/C=C/C=C/C=C/C=C/C=C(\C)[C@@H](O)C[C@H](O)C[C@H](O)C[C@H](O)C[C@H](O)C[C@H](O)C[C@@H]1O,True,5282200.0,CCCCCC(C1C(CC(CC(CC(CC(CC(C(C(C(=CC=CC=CC=CC=CC(C(OC1=O)C)O)C)O)O)O)O)O)O)O)O)O
C/C=C/C[C@@H](C)[C@@H](O)[C@H]1C(=O)N[C@@H]([C@@H](C)O)C(=O)N(C)CC(=O)N(C)[C@@H](CC(C)C)C(=O)N[C@@H](C(C)C)C(=O)N(C)[C@@H](CC(C)C)C(=O)N[C@@H](C)C(=O)N[C@H](C)C(=O)N(C)[C@@H](CC(C)C)C(=O)N(C)[C@@H](CC(C)C)C(=O)N(C)[C@@H](C(C)C)C(=O)N1C,True,5284373.0,CCC1C(=O)N(CC(=O)N(C(C(=O)NC(C(=O)N(C(C(=O)NC(C(=O)NC(C(=O)N(C(C(=O)N(C(C(=O)N(C(C(=O)N(C(C(=O)N1)C(C(C)CC=CC)O)C)C(C)C)C)CC(C)C)C)CC(C)C)C)C)C)CC(C)C)C)C(C)C)CC(C)C)C)C
CN[C@@H]1[C@H](O[C@@H]2OC[C@@H](O)[C@H](O)[C@H]2O)[C@@H](O)[C@H](O[C@H]2c3cc(C)c(C(=O)N[C@H](C)C(=O)O)c(O)c3-c3c(cc4c(c3O)C(=O)c3cc(OC)cc(O)c3C4=O)[C@@H]2O)O[C@@H]1C,True,5479145.0,CC1C(C(C(C(O1)OC2C(C3=CC4=C(C(=C3C5=C2C=C(C(=C5O)C(=O)NC(C)C(=O)O)C)O)C(=O)C6=C(C4=O)C(=CC(=C6)OC)O)O)O)OC7C(C(C(CO7)O)O)O)NC
CC(C)N1CCN(c2ccc(N3CCN(c4ccc(OC[C@H]5OC[C@](Cn6cncn6)(c6ccc(F)cc6F)O5)cc4)CC3)cc2)C1=O,True,3013050.0,CC(C)N1CCN(C1=O)C2=CC=C(C=C2)N3CCN(CC3)C4=CC=C(C=C4)OCC5OCC(O5)(CN6C=NC=N6)C7=C(C=C(C=C7)F)F
C[C@H]([C@](O)(Cn1cncn1)c1ccc(F)cc1F)S(C)(=O)=O,True,452261.0,CC(C(CN1C=NC=N1)(C2=C(C=C(C=C2)F)F)O)S(=O)(=O)C
CCC(O)/C=C/C=C/C=C/C(=O)OC[C@H]1O[C@@H](O[C@H]2[C@H](OC(=O)/C=C/C=C/CC(O)/C(C)=C/C=C/CCC(C)CC)[C@@H](O)[C@@]3(OCc4cc(O)cc(O)c43)O[C@@H]2CO)[C@H](O)[C@@H](O)[C@H]1O,True,6436198.0,CCC(C)CCC=CC=C(C)C(CC=CC=CC(=O)OC1C(C(OC2(C1O)C3=C(CO2)C=C(C=C3O)O)CO)OC4C(C(C(C(O4)COC(=O)C=CC=CC=CC(CC)O)O)O)O)O
C[C@H]1CCC/C=C/[C@@H]2C[C@H](O)C[C@H]2[C@@H](O)/C=C/C(=O)O1,True,5287620.0,CC1CCCC=CC2CC(CC2C(C=CC(=O)O1)O)O
C=CCSS/C=C\CS(=O)CC=C,True,5386591.0,C=CCSSC=CCS(=O)CC=C
NC(=O)OC[C@H](O)[C@@H](O)[C@H](N)C(=O)N[C@H](C(=O)O)[C@H]1O[C@@H](n2cc(C(=O)O)c(=O)[nH]c2=O)[C@H](O)[C@@H]1O,True,181352.0,C1=C(C(=O)NC(=O)N1C2C(C(C(O2)C(C(=O)O)NC(=O)C(C(C(COC(=O)N)O)O)N)O)O)CO
CCCCC/C=C\C/C=C\CCCCCCCC(=O)N[C@H]1C[C@@H](O)[C@@H](O)NC(=O)[C@@H]2[C@@H](O)[C@@H](C)CN2C(=O)[C@H]([C@@H](C)O)NC(=O)[C@H]([C@H](O)[C@@H](O)c2ccc(O)cc2)NC(=O)[C@@H]2C[C@@H](O)CN2C(=O)[C@H]([C@@H](C)O)NC1=O,True,14315169.0,CCCCCCCCCCCCCCCC(=O)NC1CC(C(NC(=O)C2C(C(CN2C(=O)C(NC(=O)C(NC(=O)C3CC(CN3C(=O)C(NC1=O)C(C)O)O)C(C(C4=CC=C(C=C4)O)O)O)C(C)O)C)O)O)O
CN1[C@@H]([C@H]2CSC(c3ccccc3O)=N2)SC[C@H]1C(=O)O,True,5287441.0,CN1C(CSC1C2CSC(=N2)C3=CC=CC=C3O)C(=O)O
CC[C@@H](C)n1ncn(-c2ccc(N3CCN(c4ccc(OC[C@H]5CO[C@](Cn6cncn6)(c6ccc(Cl)cc6Cl)O5)cc4)CC3)cc2)c1=O,True,55283.0,CCC(C)N1C(=O)N(C=N1)C2=CC=C(C=C2)N3CCN(CC3)C4=CC=C(C=C4)OCC5COC(O5)(CN6C=NC=N6)C7=C(C=C(C=C7)Cl)Cl
CCCCCOc1ccc(-c2ccc(-c3ccc(C(=O)N[C@H]4C[C@@H](O)[C@@H](OCC[N+](C)(C)C)NC(=O)[C@@H]5[C@@H](O)[C@@H](C)CN5C(=O)[C@H]([C@@H](C)O)NC(=O)C([C@H](O)[C@@H](O)c5ccc(O)cc5)NC(=O)[C@@H]5C[C@@H](O)CN5C(=O)[C@H]([C@@H](C)O)NC4=O)cc3)cc2)cc1,True,166548.0,CCCCCOC1=CC=C(C=C1)C2=CC=C(C=C2)C3=CC=C(C=C3)C(=O)NC4CC(C(NC(=O)C5C(C(CN5C(=O)C(NC(=O)C(NC(=O)C6CC(CN6C(=O)C(NC4=O)C(C)O)O)C(C(C7=CC=C(C=C7)O)O)O)C(C)O)C)O)O)O
O=P(O)(O)OC(Cn1cncn1)(Cn1cncn1)c1ccc(F)cc1F,True,214356.0,C1=CC(=C(C=C1F)F)C(CN2C=NC=N2)(CN3C=NC=N3)OP(=O)(O)O
COC(=O)c1ccc(=O)c2nc3/c(=C\O)c(O)cc(=O)c3[nH]c12,True,135457300.0,COC(=O)C1=C2C(=NC3=C(N2)C(=O)C=C(C3=CO)O)C(=O)C=C1
CC1C=CC=CC=CC=CC=CC=CC=CC(OC2OC(C)C(O)C(N)C2O)CC2OC(O)(CC(O)CC(O)C(O)CCC(O)CC(O)CC(=O)OC(C)C(C)C1O)CC(O)C2C(=O)O,True,5280965.0,CC1C=CC=CC=CC=CC=CC=CC=CC(CC2C(C(CC(O2)(CC(CC(C(CCC(CC(CC(=O)OC(C(C1O)C)C)O)O)O)O)O)O)O)C(=O)O)OC3C(C(C(C(O3)C)O)N)O
C[C@@H](SC1COC(/C=C/C=C/c2ccc(C#N)cc2F)OC1)[C@](O)(Cn1cncn1)c1ccc(F)cc1F,True,6475890.0,CC(C(CN1C=NC=N1)(C2=C(C=C(C=C2)F)F)O)SC3COC(OC3)C=CC=CC4=C(C=C(C=C4)C#N)F
O=C(CCl)c1ccc(Oc2ccc(C(=O)CCl)cc2)cc1,True,194699.0,C1=CC(=CC=C1C(=O)CCl)OC2=CC=C(C=C2)C(=O)CCl
CC[C@H](C)C[C@H](C)CCCCCCCCC(=O)N[C@H]1C[C@@H](O)[C@@H](O)NC(=O)[C@@H]2[C@@H](O)CCN2C(=O)[C@H]([C@H](O)CC(N)=O)NC(=O)[C@H]([C@H](O)[C@@H](O)c2ccc(O)cc2)NC(=O)[C@@H]2C[C@@H](O)CN2C(=O)[C@H]([C@@H](C)O)NC1=O,True,14315169.0,CCCCCCCCCCCCCCCC(=O)NC1CC(C(NC(=O)C2C(C(CN2C(=O)C(NC(=O)C(NC(=O)C3CC(CN3C(=O)C(NC1=O)C(C)O)O)C(C(C4=CC=C(C=C4)O)O)O)C(C)O)C)O)O)O
C[C@@H]1[C@H](O)[C@@H](C)/C=C/C=C/CC/C=C/C=C/C=C/C=C/[C@H](O[C@@H]2O[C@H](C)[C@@H](O)[C@H]([NH3+])[C@@H]2O)C[C@@H]2O[C@](O)(C[C@@H](O)[C@H](O)CC[C@@H](O)C[C@@H](O)C[C@@H](O)CC(=O)O[C@H]1C)C[C@H](O)[C@H]2C(=O)[O-],True,5280965.0,CC1C=CC=CC=CC=CC=CC=CC=CC(CC2C(C(CC(O2)(CC(CC(C(CCC(CC(CC(=O)OC(C(C1O)C)C)O)O)O)O)O)O)O)C(=O)O)OC3C(C(C(C(O3)C)O)N)O
CCC(=O)[C@@H](C)[C@@H](O)[C@H](C)C[C@@H](C)[C@H]1OC(=O)C[C@@]2(O)CC=C(C)[C@H](O2)/C(C)=C/CCC[C@@H](O[C@H]2C[C@@H](OC(N)=O)[C@H](O)[C@@H](C)O2)/C=C/[C@H](C)C[C@H]1C,True,10055855.0,CCC(=O)C(C)C(C(C)CC(C)C1C(CC(C=CC(CCCC=C(C2C(=CCC(O2)(CC(=O)O1)O)C)C)OC3CC(C(C(O3)C)O)OC(=O)N)C)C)O
CCCCC(CC)C1NC(=O)N(SC(Cl)(Cl)Cl)C1=O,True,21782.0,CCCCC(CC)C1C(=O)N(C(=O)N1)SC(Cl)(Cl)Cl
CCCCCCC1C(=O)OC(C)C(NC(=O)c2cccc(NC=O)c2O)C(=O)OC(C)C1OC(=O)CC(C)C,True,14957.0,CCCCCCC1C(C(OC(=O)C(C(OC1=O)C)NC(=O)C2=C(C(=CC=C2)NC=O)O)C)OC(=O)CC(C)C
CCC(C)CC(C)CCCCCCCCC(=O)N[C@H]1C[C@@H](O)[C@@H](O)NC(=O)[C@@H]2[C@@H](O)CCN2C(=O)[C@H]([C@H](O)CC(N)=O)NC(=O)[C@H]([C@H](O)[C@@H](O)c2ccc(O)cc2)NC(=O)[C@@H]2C[C@@H](O)CN2C(=O)[C@H]([C@@H](C)O)NC1=O,True,14315169.0,CCCCCCCCCCCCCCCC(=O)NC1CC(C(NC(=O)C2C(C(CN2C(=O)C(NC(=O)C(NC(=O)C3CC(CN3C(=O)C(NC1=O)C(C)O)O)C(C(C4=CC=C(C=C4)O)O)O)C(C)O)C)O)O)O
O[C@](Cn1cncn1)(Cn1cnc(/C=C/c2ccc(OCC(F)(F)C(F)F)cc2)n1)c1ccc(F)cc1F,True,6442246.0,C1=CC(=CC=C1C=CC2=NN(C=N2)CC(CN3C=NC=N3)(C4=C(C=C(C=C4)F)F)O)OCC(C(F)F)(F)F
NC(C(=O)O)C1CC(Cl)=NO1,True,294641.0,C1C(ON=C1Cl)C(C(=O)O)N
CO/C1=C\C(C)=C\C(C)C(O)C(C)C/C(C)=C/C=C/C(OC)C(C(C)C(O)C(C)C2(O)CC(O)C(C)C(C(C)C)O2)OC1=O,True,6436223.0,CC1CC(=CC=CC(C(OC(=O)C(=CC(=CC(C1O)C)C)OC)C(C)C(C(C)C2(CC(C(C(O2)C(C)C)C)O)O)O)OC)C
C=C(c1ccccc1OCc1cccc(Cl)c1)n1ccnc1,True,2880.0,C=C(C1=CC=CC=C1OCC2=CC(=CC=C2)Cl)N3C=CN=C3
CO/C=C(C(=O)OC)\C(C)=C/C=C/c1ccccc1,True,6437379.0,CC(=CC=CC1=CC=CC=C1)C(=COC)C(=O)OC
CCN(CC)CCOc1ccc(-c2nc3cc(Cl)ccc3s2)cc1,True,17457.0,CCN(CC)CCOC1=CC=C(C=C1)C2=NC3=C(S2)C=CC(=C3)Cl
CN(CCC(N)CC(=O)NC1C=CC(n2ccc(N)nc2=O)OC1C(=O)O)C(=N)N,True,170012.0,CN(CCC(CC(=O)NC1C=CC(OC1C(=O)O)N2C=CC(=NC2=O)N)N)C(=N)N
CC1CCC/C=C/C2CC(O)CC2C(O)/C=C/C(=O)O1,True,5287620.0,CC1CCCC=CC2CC(CC2C(C=CC(=O)O1)O)O
C[C@@H]1[C@H](O)[C@@H](C)C=CC=CC=CC=CC=CC=CC=C[C@H](O[C@@H]2O[C@H](C)[C@@H](O)[C@H](N)[C@@H]2O)C[C@@H]2O[C@](O)(C[C@@H](O)C[C@@H](O)[C@H](O)CC[C@@H](O)C[C@@H](O)CC(=O)O[C@H]1C)C[C@H](O)[C@H]2C(=O)O,True,5280965.0,CC1C=CC=CC=CC=CC=CC=CC=CC(CC2C(C(CC(O2)(CC(CC(C(CCC(CC(CC(=O)OC(C(C1O)C)C)O)O)O)O)O)O)O)C(=O)O)OC3C(C(C(C(O3)C)O)N)O
C[C@H]1CCC/C=C/C2C[C@H](O)C[C@H]2[C@H](O)/C=C/C(=O)O1,True,5287620.0,CC1CCCC=CC2CC(CC2C(C=CC(=O)O1)O)O
COC(=O)[C@H]1[C@@H]2C[C@@H](O[C@@H]3O[C@H](C)[C@@H](O)[C@H](N)[C@@H]3O)/C=C/C=C/C=C/C=C/C=C/C=C/C=C/[C@H](C)[C@@H](O)[C@@H](C)[C@H](C)OC(=O)C[C@H](O)C[C@H](O)CC[C@@H](O)[C@H](O)C[C@H](O)C[C@](O)(C[C@@H]1O)O2,True,5280965.0,CC1C=CC=CC=CC=CC=CC=CC=CC(CC2C(C(CC(O2)(CC(CC(C(CCC(CC(CC(=O)OC(C(C1O)C)C)O)O)O)O)O)O)O)C(=O)O)OC3C(C(C(C(O3)C)O)N)O
CC(O)C(C)n1ncn(-c2ccc(N3CCN(c4ccc(OCC5COC(Cn6cncn6)(c6ccc(Cl)cc6Cl)O5)cc4)CC3)cc2)c1=O,True,55283.0,CCC(C)N1C(=O)N(C=N1)C2=CC=C(C=C2)N3CCN(CC3)C4=CC=C(C=C4)OCC5COC(O5)(CN6C=NC=N6)C7=C(C=C(C=C7)Cl)Cl
CC[C@H]1O[C@@H](/C(C)=C/[C@H](C)/C=C/[C@H]2[C@@H](C)[C@@H]2/C=C/[C@@H]2O[C@H](CC(=O)O)C[C@H](O)[C@H]2O)CC=C1C,True,6918547.0,CCC1C(=CCC(O1)C(=CC(C)C=CC2C(C2C=CC3C(C(CC(O3)CC(=O)O)O)O)C)C)C
C/C=C/C[C@@H](C)[C@@H](O)C1C(=O)NC(CC)C(=O)N(C)CC(=O)N(C)C(CC(C)C)C(=O)NC(C(C)C)C(=O)N(C)C(CC(C)C)C(=O)NC(C)C(=O)NC(C)C(=O)N(C)C(CC(C)C)C(=O)N(C)C(CC(C)C)C(=O)N(C)C(C(C)C)C(=O)N1C,True,5284373.0,CCC1C(=O)N(CC(=O)N(C(C(=O)NC(C(=O)N(C(C(=O)NC(C(=O)NC(C(=O)N(C(C(=O)N(C(C(=O)N(C(C(=O)N(C(C(=O)N1)C(C(C)CC=CC)O)C)C(C)C)C)CC(C)C)C)CC(C)C)C)C)C)CC(C)C)C)C(C)C)CC(C)C)C)C
O=C(CCl)c1ccc([N+](=O)[O-])o1,True,21753.0,C1=C(OC(=C1)[N+](=O)[O-])C(=O)CCl
O=S(=O)([O][Hg][c]1ccccc1)c1cc2ccccc2cc1Cc1cc2ccccc2cc1S(=O)(=O)[O][Hg][c]1ccccc1,True,16683105.0,C1=CC=C(C=C1)[Hg]OS(=O)(=O)C2=CC3=CC=CC=C3C=C2CC4=CC5=CC=CC=C5C=C4S(=O)(=O)O[Hg]C6=CC=CC=C6
C[C@@H]([C@@](O)(Cn1cncn1)c1ccc(F)cc1F)S(C)(=O)=O,True,452261.0,CC(C(CN1C=NC=N1)(C2=C(C=C(C=C2)F)F)O)S(=O)(=O)C
CN(CC[C@H](N)CC(=O)N[C@@H]1C=C[C@@H](n2ccc(N)nc2=O)O[C@H]1C(=O)O)C(=N)N,True,170012.0,CN(CCC(CC(=O)NC1C=CC(OC1C(=O)O)N2C=CC(=NC2=O)N)N)C(=N)N
C[C@H]1CCC/C=C/C2C[C@H](O)CC2[C@H](O)/C=C/C(=O)O1,True,5287620.0,CC1CCCC=CC2CC(CC2C(C=CC(=O)O1)O)O
C/C1=C\[C@H](C)C[C@H](C)OC(=O)C[C@H](c2ccc(O)cc2)NC(=O)[C@@H](Cc2c(Br)[nH]c3ccccc23)N(C)C(=O)[C@H](C)NC(=O)[C@H](C)C1,True,9831636.0,CC1CC(OC(=O)CC(NC(=O)C(N(C(=O)C(NC(=O)C(CC(=C1)C)C)C)C)CC2=C(NC3=CC=CC=C32)Br)C4=CC=C(C=C4)O)C
Cc1cc(COc2ccc(Oc3ccc(Cl)cc3)cc2)n(O)c(=O)c1,True,71778.0,CC1=CC(=O)N(C(=C1)COC2=CC=C(C=C2)OC3=CC=C(C=C3)Cl)O
Cc1cccc(N(C)C(=S)Oc2ccc3c(c2)CCC3)c1,True,34051.0,CC1=CC(=CC=C1)N(C)C(=S)OC2=CC3=C(CCC3)C=C2
CCCCCC[C@H]1C(=O)O[C@H](C)C(NC(=O)c2cccc(NC=O)c2O)C(=O)O[C@@H](C)[C@@H]1OC(=O)CC(C)C,True,14957.0,CCCCCCC1C(C(OC(=O)C(C(OC1=O)C)NC(=O)C2=C(C(=CC=C2)NC=O)O)C)OC(=O)CC(C)C
O[C@@](Cn1cnnn1)(c1ccc(F)cc1F)C(F)(F)c1ccc(-c2ccc(OC(F)(F)F)cc2)cn1,True,77050711.0,C1=CC(=CC=C1C2=CN=C(C=C2)C(C(CN3C=NN=N3)(C4=C(C=C(C=C4)F)F)O)(F)F)OCC(F)(F)F
Cc1cc(C)n(O)c(=O)c1,True,3047730.0,CC1=CC(=O)N(C(=C1)C)O
CC[C@@H](C)[C@@H]1OC(=O)[C@H](C(C)(C)O)N(C)C(=O)[C@H](CC(C)C)NC(=O)[C@H](C(C)C)N(C)C(=O)[C@@H]([C@H](C)CC)NC(=O)[C@@H]2CCCN2C(=O)[C@H](Cc2ccccc2)N(C)C(=O)[C@H](Cc2ccccc2)NC(=O)[C@H](C(C)C)N(C)C1=O,True,9919816.0,CCC(C)C1C(=O)N(C(C(=O)NC(C(=O)N(C(C(=O)OC(C(=O)N(C(C(=O)NC(C(=O)N(C(C(=O)N2CCCC2C(=O)N1)CC3=CC=CC=C3)C)CC4=CC=CC=C4)C(C)C)C)C(C)CC)C(C)(C)O)C)CC(C)C)C(C)C)C
CC(CCC/C=C/CCCN(C)C(=N)N)CC(C)C1OC(=O)C(C)C(O)/C=C/C(C)C(O)C(C)C(O)C(C)C(O)CCCC(O)CC2(O)OC(CC(OC(=O)CC(=O)O)CC(O)CC(O)C(C)C(O)/C=C/C=C/C1C)CC(O)C2O,True,9963519.0,CC1C=CC=CC(C(C(CC(CC(CC2CC(C(C(O2)(CC(CCCC(C(C(C(C(C(C=CC(C(C(=O)OC1C(C)CC(C)CCCC=CCCCN(C)C(=N)N)C)O)C)O)C)O)C)O)O)O)O)O)OC(=O)CC(=O)O)O)O)C)O
CCCCCC(O)C1C(=O)OC(C)C(O)C=CC=CC=CC=CC=C(C)C(O)CC(O)CC(O)CC(O)CC(O)CC(O)CC1O,True,5282200.0,CCCCCC(C1C(CC(CC(CC(CC(CC(C(C(C(=CC=CC=CC=CC=CC(C(OC1=O)C)O)C)O)O)O)O)O)O)O)O)O
CCC(C)CC(C)CCCCCCCCC(=O)N[C@H]1C[C@@H](O)[C@@H](O)NC(=O)[C@@H]2[C@@H](O)CCN2C(=O)[C@H]([C@@H](O)CC(N)=O)NC(=O)[C@H]([C@H](O)[C@@H](O)c2ccc(O)cc2)NC(=O)[C@@H]2C[C@@H](O)CN2C(=O)[C@H]([C@H](C)O)NC1=O,True,14315169.0,CCCCCCCCCCCCCCCC(=O)NC1CC(C(NC(=O)C2C(C(CN2C(=O)C(NC(=O)C(NC(=O)C3CC(CN3C(=O)C(NC1=O)C(C)O)O)C(C(C4=CC=C(C=C4)O)O)O)C(C)O)C)O)O)O
CC[C@H](C)[C@H](NC(=O)CNC(=O)[C@H](CC(N)=O)NC(=O)[C@H](CCCNC(=N)N)NC(=O)[C@@H](NC(=O)[C@H](CC(N)=O)NC(=O)[C@H](CCCNC(=N)N)NC(=O)CNC(=O)[C@H](CCSC)NC(=O)[C@H](CCCCN)NC(=O)[C@H](CCC(=O)O)NC(=O)[C@@H](NC(=O)[C@H](CCCCN)NC(=O)[C@H](CCCCN)NC(=O)[C@H](Cc1ccccc1)NC(=O)[C@@H](NC(=O)[C@H](CCCCN)NC(=O)[C@H](Cc1c[nH]c2ccccc12)NC(=O)[C@@H](N)CCCCN)C(C)C)[C@@H](C)CC)[C@@H](C)CC)C(=O)N[C@H](C(=O)N[C@@H](CCCCN)C(=O)N[C@@H](C)C(=O)NCC(=O)N1CCC[C@H]1C(=O)N[C@@H](C)C(=O)N[C@H](C(=O)N[C@@H](C)C(=O)N[C@H](C(=O)N[C@@H](CC(C)C)C(=O)NCC(=O)N[C@@H](CCC(=O)O)C(=O)N[C@@H](C)C(=O)N[C@@H](CCCCN)C(=O)N[C@@H](C)C(=O)N[C@@H](CC(C)C)C(N)=O)C(C)C)[C@@H](C)CC)C(C)C,True,16130488.0,CCC(C)C(C(=O)NC(C(C)C)C(=O)NC(CCCCN)C(=O)NC(C)C(=O)NCC(=O)N1CCCC1C(=O)NC(C)C(=O)NC(C(C)CC)C(=O)NC(C)C(=O)NC(C(C)C)C(=O)NC(CC(C)C)C(=O)NCC(=O)NC(CCC(=O)O)C(=O)NC(C)C(=O)NC(CCCCN)C(=O)NC(C)C(=O)NC(CC(C)C)C(=O)N)NC(=O)CNC(=O)C(CC(=O)N)NC(=O)C(CCCNC(=N)N)NC(=O)C(C(C)CC)NC(=O)C(CC(=O)N)NC(=O)C(CCCNC(=N)N)NC(=O)CNC(=O)C(CCSC)NC(=O)C(CCCCN)NC(=O)C(CCC(=O)O)NC(=O)C(C(C)CC)NC(=O)C(CCCCN)NC(=O)C(CCCCN)NC(=O)C(CC2=CC=CC=C2)NC(=O)C(C(C)C)NC(=O)C(CCCCN)NC(=O)C(CC3=CNC4=CC=CC=C43)NC(=O)C(CCCCN)N
CC1=CC(C)CC(C)OC(=O)CC(c2ccc(O)cc2)NC(=O)C(Cc2c(Br)[nH]c3ccccc23)N(C)C(=O)C(C)NC(=O)C(C)C1,True,9831636.0,CC1CC(OC(=O)CC(NC(=O)C(N(C(=O)C(NC(=O)C(CC(=C1)C)C)C)C)CC2=C(NC3=CC=CC=C32)Br)C4=CC=C(C=C4)O)C
CCC(C)CC(C)CCCCCCCCC(=O)N[C@H]1C[C@@H](O)[C@H](NCCN)NC(=O)[C@@H]2[C@@H](O)CCN2C(=O)[C@H]([C@H](O)CCN)NC(=O)[C@H]([C@H](O)[C@@H](O)c2ccc(O)cc2)NC(=O)[C@@H]2C[C@@H](O)CN2C(=O)[C@H]([C@@H](C)O)NC1=O,True,16119814.0,CCC(C)CC(C)CCCCCCCCC(=O)NC1CC(C(NC(=O)C2C(CCN2C(=O)C(NC(=O)C(NC(=O)C3CC(CN3C(=O)C(NC1=O)C(C)O)O)C(C(C4=CC=C(C=C4)O)O)O)C(CCN)O)O)NCCN)O
CCC(C)CC(C)CCCCCCCCC(=O)NC1C[C@H](O)[C@@H](O)NC(=O)[C@@H]2C[C@@H](O)CN2C(=O)[C@H]([C@H](O)CC(N)=O)NC(=O)[C@H](C(O)[C@H](O)c2ccc(O)cc2)NC(=O)[C@@H]2C[C@@H](O)CN2C(=O)[C@H]([C@@H](C)O)NC1=O,True,14315169.0,CCCCCCCCCCCCCCCC(=O)NC1CC(C(NC(=O)C2C(C(CN2C(=O)C(NC(=O)C(NC(=O)C3CC(CN3C(=O)C(NC1=O)C(C)O)O)C(C(C4=CC=C(C=C4)O)O)O)C(C)O)C)O)O)O
CC[C@@H]1/C=C/C=C/C[C@H](C)[C@@H](O)[C@](C)(O)C(=O)[C@H](C)[C@@H](O)[C@H](C)C(=O)[C@H](C)[C@@H](O)[C@H](C)/C=C/C(=O)O[C@@H]2C[C@]3(CC[C@@H](C)[C@@H](C[C@H](C)O)O3)O[C@H](CC1)[C@@H]2C,True,78358496.0,CCC1CCC2C(C(C(C3(O2)CCC(C(O3)CC(C)O)C)C)OC(=O)C=CC(C(C(C(=O)C(C(C(C(=O)C(C(C(CC=CC=C1)C)O)(C)O)C)O)C)C)O)C)C
C[C@H]1CCCC=C[C@@H]2C[C@H](O)C[C@H]2[C@H](O)C=CC(=O)O1,True,5287620.0,CC1CCCC=CC2CC(CC2C(C=CC(=O)O1)O)O
c1ccc(Cn2ccnc2-c2nn[nH]n2)cc1,True,68826.0,C1=CC=C(C=C1)CN2C=CN=C2C3=NNN=N3
CCCCCC[C@H]1C(=O)O[C@H](C)[C@@H](O)/C=C/C=C/C=C/C=C/C=C(\C)[C@@H](O)C[C@H](O)C[C@H](O)C[C@H](O)C[C@H](O)C[C@H](O)C[C@@H]1O,True,5282200.0,CCCCCC(C1C(CC(CC(CC(CC(CC(C(C(C(=CC=CC=CC=CC=CC(C(OC1=O)C)O)C)O)O)O)O)O)O)O)O)O
CC[C@H](C)n1ncn(-c2ccc(N3CCN(c4ccc(OC[C@H]5CO[C@](Cn6cncn6)(c6ccc(Cl)cc6Cl)O5)cc4)CC3)cc2)c1=O,True,55283.0,CCC(C)N1C(=O)N(C=N1)C2=CC=C(C=C2)N3CCN(CC3)C4=CC=C(C=C4)OCC5COC(O5)(CN6C=NC=N6)C7=C(C=C(C=C7)Cl)Cl
O=C(O)CN1CSC(=S)N(Cc2ccccc2)C1,True,71462.0,C1N(CSC(=S)N1CC2=CC=CC=C2)CC(=O)O
CC1CCC/C=C\C2CC(O)CC2C(O)/C=C\C(=O)O1,True,5287620.0,CC1CCCC=CC2CC(CC2C(C=CC(=O)O1)O)O
CN1C([C@H]2CSC(c3ccccc3O)=N2)SC[C@H]1C(=O)O,True,5287441.0,CN1C(CSC1C2CSC(=N2)C3=CC=CC=C3O)C(=O)O
CC(C)(C)C(O)(COc1ccc(Cl)cc1)Cn1cncn1,True,41368.0,CC(C)(C)C(C(N1C=NC=N1)OC2=CC=C(C=C2)Cl)O
CC(C)CCCCCCCCC1CC(=O)N[C@@H](CC(N)=O)C(=O)N[C@H](Cc2ccc(O)cc2)C(=O)N[C@H](CC(N)=O)C(=O)N[C@@H](CCC(N)=O)C(=O)N2CCC[C@H]2C(=O)N[C@H](CC(N)=O)C(=O)N[C@@H](CO)C(=O)N1,True,70697743.0,CCCCCCCCCCCC1CC(=O)NC(C(=O)NC(C(=O)NC(C(=O)NC(C(=O)NC(C(=O)NC(C(=O)N2CCCC2C(=O)N1)CC(=O)N)CO)CCC(=O)N)CC(=O)N)CC3=CC=C(C=C3)O)CC(=O)N
CCCCC1C/C=C/C=C/C=C/C=C/[C@H](O[C@@H]2O[C@H](C)[C@@H](O)[C@H](N)[C@@H]2O)C[C@@H]2O[C@](O)(C[C@@H](O)C[C@H]3O[C@@H]3/C=C/C(=O)O1)C[C@H](O)[C@H]2C(=O)O,True,5284447.0,CC1CC=CC=CC=CC=CC(CC2C(C(CC(O2)(CC(CC3C(O3)C=CC(=O)O1)O)O)O)C(=O)O)OC4C(C(C(C(O4)C)O)N)O
NC(CC(=O)CO)C(=O)O,True,10219513.0,C(C(C(=O)O)N)C(=O)CO
CCCCC1CC=CC=CC=CC=CC(OC2OC(C)C(O)C(N)C2O)CC2OC(O)(CC(O)CC3OC3C=CC(=O)O1)CC(O)C2C(=O)O,True,5284447.0,CC1CC=CC=CC=CC=CC(CC2C(C(CC(O2)(CC(CC3C(O3)C=CC(=O)O1)O)O)O)C(=O)O)OC4C(C(C(C(O4)C)O)N)O
CCCCC/C=C\C/C=C\CCCCCCCC(=O)N[C@H]1C[C@@H](O)[C@@H](O)NC(=O)[C@@H]2[C@@H](O)[C@@H](C)CN2C(=O)[C@H]([C@H](C)O)NC(=O)[C@H]([C@H](O)[C@@H](O)c2ccc(O)cc2)NC(=O)[C@@H]2C[C@@H](O)CN2C(=O)[C@H]([C@H](C)O)NC1=O,True,14315169.0,CCCCCCCCCCCCCCCC(=O)NC1CC(C(NC(=O)C2C(C(CN2C(=O)C(NC(=O)C(NC(=O)C3CC(CN3C(=O)C(NC1=O)C(C)O)O)C(C(C4=CC=C(C=C4)O)O)O)C(C)O)C)O)O)O
CCCCCC(O)C1C(=O)OC(C)C(O)/C=C/C=C/C=C/C=C\C=C(\C)C(O)CC(O)CC(O)CC(O)CC(O)CC(O)CC1O,True,5282200.0,CCCCCC(C1C(CC(CC(CC(CC(CC(C(C(C(=CC=CC=CC=CC=CC(C(OC1=O)C)O)C)O)O)O)O)O)O)O)O)O
CCCCCCCCCCCCC[C@@H]1CC(=O)N[C@H]([C@@H](C)O)C(=O)N[C@H](C)C(=O)N[C@@H](Cc2ccc(O)cc2)C(=O)N[C@@H](C(C)C)C(=O)N2C[C@H](O)C[C@H]2C(=O)NC([C@@H](C)O)C(=O)N[C@@H]([C@@H](C)O)C(=O)N2CC[C@H](O)[C@H]2C(=O)N[C@@H]([C@H](O)CC(N)=O)C(=O)NCC(=O)N[C@H]([C@@H](C)O)C(=O)N[C@@H](CCCN)C(=O)O1,True,485154.0,CCCCCCCCCCCCCC1CC(=O)NC(C(=O)NC(C(=O)NC(C(=O)NC(C(=O)N2CC(CC2C(=O)NC(C(=O)NC(C(=O)N3CCC(C3C(=O)NC(C(=O)NCC(=O)NC(C(=O)NC(C(=O)O1)CCCN)C(C)O)C(CC(=O)N)O)O)C(C)O)C(C)O)O)C(C)C)CC4=CC=C(C=C4)O)C)C(C)O
CO/C(=C\C(N)=O)[C@H](C)[C@H](/C=C/c1csc(-c2csc([C@@H](C)/C=C/C=C/C(C)C)n2)n1)OC,True,10972974.0,CC(C)C=CC=CC(C)C1=NC(=CS1)C2=NC(=CS2)C=CC(C(C)C(=CC(=O)N)OC)OC
FC(F)(F)c1ccc(COC(Cn2ccnc2)c2ccc(Cl)cc2Cl)cc1,True,4189.0,C1=CC(=C(C=C1Cl)Cl)COC(CN2C=CN=C2)C3=C(C=C(C=C3)Cl)Cl
CCCCNC(=O)c1cccc(-c2ccccc2)c1O,True,8579.0,CCCCNC(=O)C1=CC=CC(=C1O)C2=CC=CC=C2
CCCCCC(O)C1C(=O)OC(C)C(O)/C=C/C=C/C=C/C=C/C=C(\C)C(O)CC(O)CC(O)CC(O)CC(O)CC(O)CC1O,True,5282200.0,CCCCCC(C1C(CC(CC(CC(CC(CC(C(C(C(=CC=CC=CC=CC=CC(C(OC1=O)C)O)C)O)O)O)O)O)O)O)O)O
C/C=C/C[C@@H](C)[C@@H](O)[C@H]1C(=O)N[C@@H](CC)C(=O)N(C)CC(=O)N(C)[C@@H](CC(C)C)C(=O)N[C@@H](C(C)C)C(=O)N(C)[C@@H](CC(C)C)C(=O)N[C@@H](C)C(=O)N[C@H](C)C(=O)N(C)[C@@H](CC(C)C)C(=O)N(C)[C@@H](CC(C)C)C(=O)N(C)C(C(C)C)C(=O)N1C,True,5284373.0,CCC1C(=O)N(CC(=O)N(C(C(=O)NC(C(=O)N(C(C(=O)NC(C(=O)NC(C(=O)N(C(C(=O)N(C(C(=O)N(C(C(=O)N(C(C(=O)N1)C(C(C)CC=CC)O)C)C(C)C)C)CC(C)C)C)CC(C)C)C)C)C)CC(C)C)C)C(C)C)CC(C)C)C)C
CCCCCC=CCC=CCCCCCCCC(=O)NC1CC(O)C(O)NC(=O)C2C(O)C(C)CN2C(=O)C(C(C)O)NC(=O)C(C(O)C(O)c2ccc(O)cc2)NC(=O)C2CC(O)CN2C(=O)C(C(C)O)NC1=O,True,14315169.0,CCCCCCCCCCCCCCCC(=O)NC1CC(C(NC(=O)C2C(C(CN2C(=O)C(NC(=O)C(NC(=O)C3CC(CN3C(=O)C(NC1=O)C(C)O)O)C(C(C4=CC=C(C=C4)O)O)O)C(C)O)C)O)O)O
CSCC1CN(/N=C\c2ccc([N+](=O)[O-])o2)C(=O)O1,True,6433427.0,CSCC1CN(C(=O)O1)N=CC2=CC=C(O2)[N+](=O)[O-]
CC(C)C[C@@H]1NC(=O)[C@@H](CC(=O)O)NC(=O)[C@H](CO)NC(=O)[C@H](Cc2ccc(O)cc2)NC(=O)[C@H](CC(=O)O)NC(=O)[C@H](Cc2ccc(O)cc2)NC(=O)CC[C@H](C(=O)O)NC(=O)[C@@H](CC(=O)O)NC(=O)[C@@H]2CCCN2C(=O)[C@@H](CC(=O)O)NC(=O)[C@H](C)NC(=O)[C@@H](CC(=O)O)NC(=O)CC[C@H](C(=O)O)NC1=O,True,44568937.0,CCC(C)C(C(=O)NC(CCC(=O)O)C(=O)NC(CO)C(=O)NC(CC(=O)O)C(=O)NC(C(C)C)C(=O)O)NC(=O)C(CO)NC(=O)C(CO)NC(=O)C(CC(C)C)NC(=O)C(CCCCN)NC(=O)C(CCC(=O)O)NC(=O)C(CC1=CC=C(C=C1)O)NC(=O)CNC(=O)C(CO)NC(=O)C(CCCCN)N
N[C@@H](CC(=O)CO)C(=O)O,True,10219513.0,C(C(C(=O)O)N)C(=O)CO
CCCOC(=O)c1sc(C(=O)OCCC)c(O)c1O,True,245503.0,CCOC(=O)C1=C(C(=C(S1)C(=O)OCC)O)O
Cc1[nH]c(=O)[nH]c(=O)c1S(=O)(=O)Nc1ccc(S(=O)(=O)c2ccc(NS(=O)(=O)c3c(C)[nH]c(=O)[nH]c3=O)cc2)cc1,True,122139.0,CC1=C(C(=O)NC(=O)N1)S(=O)(=O)NC2=CC=C(C=C2)S(=O)(=O)C3=CC=C(C=C3)NS(=O)(=O)C4=C(NC(=O)NC4=O)C
C[C@@H]1[C@H](O)[C@@H](C)/C=C/C=C/C=C/C=C/C=C/C=C/C=C/[C@H](O[C@@H]2O[C@H](C)[C@@H](O)[C@H](N)[C@@H]2O)C[C@@H]2O[C@](O)(C[C@@H](O)[C@H](O)CCC(=O)C[C@@H](O)C[C@@H](O)CC(=O)O[C@H]1C)C[C@H](O)[C@H]2C(=O)O,True,5280965.0,CC1C=CC=CC=CC=CC=CC=CC=CC(CC2C(C(CC(O2)(CC(CC(C(CCC(CC(CC(=O)OC(C(C1O)C)C)O)O)O)O)O)O)O)C(=O)O)OC3C(C(C(C(O3)C)O)N)O
C[C@@H]1[C@H](O)[C@@H](C)/C=C/C=C/C=C/C=C/C=C/C=C/C=C/[C@H](O[C@H]2O[C@@H](C)[C@H](O)[C@@H](N)[C@H]2O)C[C@@H]2OC(O)(C[C@@H](O)C[C@@H](O)[C@H](O)CC[C@@H](O)C[C@@H](O)CC(=O)O[C@H]1C)C[C@H](O)[C@H]2C(=O)O,True,5280965.0,CC1C=CC=CC=CC=CC=CC=CC=CC(CC2C(C(CC(O2)(CC(CC(C(CCC(CC(CC(=O)OC(C(C1O)C)C)O)O)O)O)O)O)O)C(=O)O)OC3C(C(C(C(O3)C)O)N)O
CC1OC(O[C@H]2/C=C/C=C/C=C/C=C/C=C/C=C/C=C/[C@H](C)[C@@H](O)[C@@H](C)[C@H](C)OC(=O)C[C@H](O)C[C@H](O)CC[C@@H](O)[C@H](O)C[C@H](O)C[C@]3(O)C[C@H](O)[C@@H](C(=O)O)[C@H](C2)O3)C(O)C(N)C1O,True,5280965.0,CC1C=CC=CC=CC=CC=CC=CC=CC(CC2C(C(CC(O2)(CC(CC(C(CCC(CC(CC(=O)OC(C(C1O)C)C)O)O)O)O)O)O)O)C(=O)O)OC3C(C(C(C(O3)C)O)N)O
CCC(C)n1ncn(-c2ccc(N3CCN(c4ccc(OC[C@H]5CO[C@](Cn6cncn6)(c6ccc(F)cc6F)O5)cc4)CC3)cc2)c1=O,True,122699331.0,CCC(C)N1C(=O)N(C=N1)C2=CC=C(C=C2)N3CCN(CC3)C4=CC=C(C=C4)OCC5COC(O5)(CN6C=NC=N6)C7=CC=CC=C7
CCC(C)(C)c1ccc(CC(C)CN2CC(C)OC(C)C2)cc1,True,93365.0,CC1CN(CC(O1)C)CC(C)CC2=CC=C(C=C2)C(C)(C)C
CCC(C)CCCCCCCCCCC(=O)N[C@H]1C[C@@H](O)[C@@H](O)NC(=O)[C@@H]2[C@@H](O)[C@@H](C)CN2C(=O)[C@H](CO)NC(=O)[C@H]([C@H](O)C(O)c2ccc(O)cc2)NC(=O)[C@@H]2C[C@@H](O)CN2C(=O)[C@H]([C@@H](C)O)NC1=O,True,14315169.0,CCCCCCCCCCCCCCCC(=O)NC1CC(C(NC(=O)C2C(C(CN2C(=O)C(NC(=O)C(NC(=O)C3CC(CN3C(=O)C(NC1=O)C(C)O)O)C(C(C4=CC=C(C=C4)O)O)O)C(C)O)C)O)O)O
CC1CCCC=CC2CC(O)CC2C(O)C=CC(=O)O1,True,5287620.0,CC1CCCC=CC2CC(CC2C(C=CC(=O)O1)O)O
CCC(C)CC(C)CCCCCCCCC(=O)N[C@H]1C[C@H](O)[C@@H](O)NC(=O)[C@@H]2[C@@H](O)[C@@H](O)CN2C(=O)[C@H]([C@H](O)CC(N)=O)NC(=O)[C@H](C(O)[C@H](O)c2ccc(O)cc2)NC(=O)[C@@H]2C[C@@H](O)CN2C(=O)[C@H]([C@@H](C)O)NC1=O,True,14315169.0,CCCCCCCCCCCCCCCC(=O)NC1CC(C(NC(=O)C2C(C(CN2C(=O)C(NC(=O)C(NC(=O)C3CC(CN3C(=O)C(NC1=O)C(C)O)O)C(C(C4=CC=C(C=C4)O)O)O)C(C)O)C)O)O)O
CO/C1=C/C(C)=C\[C@@H](C)[C@@H](O)[C@@H](C)C/C(C)=C\C=C/[C@H](OC)[C@@H]([C@@H](C)[C@@H](O)[C@H](C)[C@@]2(O)C[C@@H](O)[C@H](C)[C@@H](C(C)C)O2)OC1=O,True,6436223.0,CC1CC(=CC=CC(C(OC(=O)C(=CC(=CC(C1O)C)C)OC)C(C)C(C(C)C2(CC(C(C(O2)C(C)C)C)O)O)O)OC)C
CC1CC2OC2/C=C\C=C/C(=O)Cc2c(Cl)c(O)cc(O)c2C(=O)O1,True,6323491.0,CC1CC2C(O2)C=CC=CC(=O)CC3=C(C(=CC(=C3Cl)O)O)C(=O)O1
C/C=C/C[C@@H](C)[C@@H](O)C1C(=O)NC(CC)C(=O)N(C)CC(=O)N(C)C(CC(C)C)C(=O)NC(C(C)C)C(=O)N(C)C(CC(C)C)C(=O)NC(C)C(=O)N[C@H](C)C(=O)N(C)C(CC(C)C)C(=O)N(C)C(CC(C)C)C(=O)N(C)C(C(C)C)C(=O)N1C,True,5284373.0,CCC1C(=O)N(CC(=O)N(C(C(=O)NC(C(=O)N(C(C(=O)NC(C(=O)NC(C(=O)N(C(C(=O)N(C(C(=O)N(C(C(=O)N(C(C(=O)N1)C(C(C)CC=CC)O)C)C(C)C)C)CC(C)C)C)CC(C)C)C)C)C)CC(C)C)C)C(C)C)CC(C)C)C)C
CC1/C=C/C=C/CC/C=C/C=C/C=C/C=C/C(OC2OC(C)C(O)C(N)C2O)CC2OC(CC(O)C(O)CCC(O)CC(O)CC(O)CC(=O)OC(C)C(C)C1O)CC(O)C2C(=O)O,True,5280965.0,CC1C=CC=CC=CC=CC=CC=CC=CC(CC2C(C(CC(O2)(CC(CC(C(CCC(CC(CC(=O)OC(C(C1O)C)C)O)O)O)O)O)O)O)C(=O)O)OC3C(C(C(C(O3)C)O)N)O
CCC(=O)[C@@H](C)[C@@H](O)[C@H](C)C[C@@H](C)C1OC(=O)C[C@@]2(O)CC=C(C)C(O2)C(C)=CCCC[C@H](O[C@H]2C[C@@H](OC(N)=O)[C@H](O)[C@@H](C)O2)C=C[C@H](C)C[C@H]1C,True,10055855.0,CCC(=O)C(C)C(C(C)CC(C)C1C(CC(C=CC(CCCC=C(C2C(=CCC(O2)(CC(=O)O1)O)C)C)OC3CC(C(C(O3)C)O)OC(=O)N)C)C)O
CN(C/C=C\C#CC(C)(C)C)Cc1cccc2ccccc12,True,1549008.0,CC(C)(C)C#CC=CCN(C)CC1=CC=CC2=CC=CC=C21
CCC(C)CC(C)CCCCCCCCC(=O)NC1C[C@@H](O)[C@@H](NCCN)NC(=O)[C@@H]2[C@@H](O)CCN2C(=O)[C@H]([C@H](O)CCN)NC(=O)[C@H]([C@H](O)[C@@H](O)c2ccc(O)cc2)NC(=O)[C@@H]2C[C@@H](O)CN2C(=O)[C@H]([C@@H](C)O)NC1=O,True,16119814.0,CCC(C)CC(C)CCCCCCCCC(=O)NC1CC(C(NC(=O)C2C(CCN2C(=O)C(NC(=O)C(NC(=O)C3CC(CN3C(=O)C(NC1=O)C(C)O)O)C(C(C4=CC=C(C=C4)O)O)O)C(CCN)O)O)NCCN)O
CNc1ccc(C(=O)CC(O)CCC(C)C2OC(=O)CC(O)CC(=O)CC(O)CC(O)CC(O)CC(O)CC3(O)CC(O)C(C(=O)OC)C(CC(O[C@H]4O[C@@H](C)[C@H](O)[C@@H](N)[C@H]4O)/C=C/C=C/C=C/C=C/C=C/C=C/C=C/C2C)O3)cc1,True,11981152.0,CC1C=CC=CC=CC=CC=CC=CC=CC(CC2C(C(CC(O2)(CC(CC(CC(CC(CC(=O)CC(CC(=O)OC1C(C)CCC(CC(=O)C3=CC=C(C=C3)N)O)O)O)O)O)O)O)O)C(=O)OC)OC4C(C(C(C(O4)C)O)N)O.CC1C=CC=CC=CC=CC=CC=CC=CC(CC2C(C(CC(O2)(CC(CC(CC(CC(CC(=O)CC(CC(=O)OC1C(C)CCC(CC(=O)C3=CC=C(C=C3)NC)O)O)O)O)O)O)O)O)C(=O)OC)OC4C(C(C(C(O4)C)O)N)O
CC1CC2OC2C=CC=CC(=O)Cc2c(Cl)c(O)cc(O)c2C(=O)O1,True,6323491.0,CC1CC2C(O2)C=CC=CC(=O)CC3=C(C(=CC(=C3Cl)O)O)C(=O)O1
C[C@@H]1C[C@H]2O[C@@H]2C=CC=CC(=O)Cc2c(Cl)c(O)cc(O)c2C(=O)O1,True,6323491.0,CC1CC2C(O2)C=CC=CC(=O)CC3=C(C(=CC(=C3Cl)O)O)C(=O)O1
CCCCC[C@@H](O)[C@H]1C(=O)O[C@H](C)[C@@H](O)/C=C/C=C/C=C/C=C/C=C(/C)[C@@H](O)C[C@H](O)C[C@H](O)C[C@H](O)C[C@H](O)C[C@H](O)C[C@@H]1O,True,5282200.0,CCCCCC(C1C(CC(CC(CC(CC(CC(C(C(C(=CC=CC=CC=CC=CC(C(OC1=O)C)O)C)O)O)O)O)O)O)O)O)O
Cc1cc(C2CCCCC2)n(OCOP(=O)(O)O)c(=O)c1,True,67773619.0,CC1=CC(=O)N(C(=C1)C2CCCCC2)OCOP(=O)(O)O
CC[C@H]1/C=C/C=C/C[C@@H](C)[C@H](O)[C@@](C)(O)C(=O)[C@@H](C)[C@H](O)[C@@H](C)C(=O)[C@@H](C)[C@H](O)[C@@H](C)/C=C/C(=O)O[C@H]2C[C@@]3(CC[C@H](C)[C@H](C[C@@H](C)O)O3)O[C@@H](CC1)[C@H]2C,True,78358496.0,CCC1CCC2C(C(C(C3(O2)CCC(C(O3)CC(C)O)C)C)OC(=O)C=CC(C(C(C(=O)C(C(C(C(=O)C(C(C(CC=CC=C1)C)O)(C)O)C)O)C)C)O)C)C
CCC1(C2OC(C3OC(O)(CO)C(C)CC3C)CC2C)CCC(C2(C)CCC3(CC(O)C(C)C(C(C)C(OC)C(C)C(=O)O)O3)O2)O1,True,441145.0,CCC1(CCC(O1)C2(CCC3(O2)CC(C(C(O3)C(C)C(C(C)C(=O)O)OC)C)O)C)C4C(CC(O4)C5C(CC(C(O5)(CO)O)C)C)C
CC(C(O)(Cn1cncn1)c1ccc(F)cc1F)S(C)(=O)=O,True,452261.0,CC(C(CN1C=NC=N1)(C2=C(C=C(C=C2)F)F)O)S(=O)(=O)C
CC[C@H](C)CC/C=C/C=C(\C)[C@@H](O)C/C=C/C=C/C(=O)O[C@H]1[C@H](O)[C@@H](CO)O[C@]2(OCc3cc(O)cc(O)c32)[C@@H]1O,True,6436198.0,CCC(C)CCC=CC=C(C)C(CC=CC=CC(=O)OC1C(C(OC2(C1O)C3=C(CO2)C=C(C=C3O)O)CO)OC4C(C(C(C(O4)COC(=O)C=CC=CC=CC(CC)O)O)O)O)O
CSC[C@H]1O[C@@H](n2cnc3c(N)ncnc32)[C@@H](O)[C@@H]1O,True,439176.0,CSCC1C(C(C(O1)N2C=NC3=C(N=CN=C32)N)O)O
C=CCSSC=CCS(=O)CC=C,True,5386591.0,C=CCSSC=CCS(=O)CC=C
C#CCOC[C@@H]1CO[C@@](Cn2ccnc2)(c2ccc(Cl)cc2Cl)O1,True,3047814.0,C#CCOCC1COC(O1)(CN2C=CN=C2)C3=C(C=C(C=C3)Cl)Cl
COC(=CC(N)=O)C(C)C(C=Cc1csc(-c2csc(C(C)C=CC=CC(C)C)n2)n1)OC,True,10972974.0,CC(C)C=CC=CC(C)C1=NC(=CS1)C2=NC(=CS2)C=CC(C(C)C(=CC(=O)N)OC)OC
CN(CC[C@@H](N)CC(=O)N[C@H]1C=C[C@H](n2ccc(N)nc2=O)O[C@@H]1C(=O)O)C(=N)N,True,170012.0,CN(CCC(CC(=O)NC1C=CC(OC1C(=O)O)N2C=CC(=NC2=O)N)N)C(=N)N
Clc1ccc(/C(Cn2ccnc2)=N/Nc2c(Cl)cccc2Cl)s1,True,6917829.0,C1=CC(=C(C(=C1)Cl)NN=C(CN2C=CN=C2)C3=CC=C(S3)Cl)Cl.Cl
Clc1ccc(/C(=C/c2ccc(Cl)cc2Cl)Cn2ccnc2)cc1,True,3006895.0,C1=CC=C(C(=C1)CC(CN2C=CN=C2)C3=C(C=C(C=C3)Cl)Cl)Cl
CC1C=CC=CC=CC=CC=CC=CC=CC(O[C@H]2O[C@@H](C)[C@H](O)[C@@H](N)[C@H]2O)CC2OC(O)(CC(O)CC(O)CC(O)CC(O)CC(=O)CC(O)CC(=O)OC1C(C)CCC(O)CC(=O)c1ccc(N)cc1)CC(O)C2C(=O)O,True,10079874.0,CC1C=CC=CC=CC=CC=CC=CC=CC(CC(C(C(CC(=O)CC(CC(CC(CC(=O)CCCC(=O)CC(=O)OC1C(C)CC(C)C(CC(=O)C2=CC=C(C=C2)N)O)O)O)O)O)C(=O)O)O)OC3C(C(C(C(O3)C)O)N)O
C[C@@H]1C[C@H]2O[C@@H]2/C=C/C=C/C(=O)Cc2c(Cl)c(O)cc(O)c2C(=O)O1,True,6323491.0,CC1CC2C(O2)C=CC=CC(=O)CC3=C(C(=CC(=C3Cl)O)O)C(=O)O1
CNc1ccc(C(=O)CC(O)CCC(C)C2OC(=O)CC(O)CC(=O)CC(O)CC(O)CC(O)CC(O)CC3(O)CC(O)C(C(=O)OC)C(O3)C(OC3O[C@H](C)[C@@H](O)[C@H](N)[C@@H]3O)C/C=C/C=C/C=C/C=C\C=C/C=C/C=C/C2C)cc1,True,6446340.0,CC1C=CC=CC=CC=CC=CC=CC=CC(CC2C(C(CC(O2)(CC(CC(CC(CC(CC(CC(CC(=O)OC1C(C)CCC(CC(=O)C3=CC=C(C=C3)NC)O)O)O)O)O)O)O)O)O)C(=O)O)OC4C(C(C(C(O4)C)O)N)O
CCC(/C=C/[C@@H]1OC(=O)C=C[C@@H]1C)=C\[C@H](C)C/C=C/C(C)=C/[C@@H](C)C(=O)[C@@H](C)[C@H](O)[C@@H](C)C/C(C)=C/C(=O)O,True,6917907.0,CCC(=CC(C)CC=CC(=CC(C)C(=O)C(C)C(C(C)CC(=CC(=O)O)C)O)C)C=CC1C(C=CC(=O)O1)C
CCCCCOc1ccccc1C(N)=O,True,3282.0,CCOC1=CC=CC=C1C(=O)N
CC1/C=C/C=C/C=C/C=C/C=C/C=C/C=C/C(O[C@@H]2OC(C)[C@@H](O)[C@H](N)C2O)CC(O)C(C(=O)O)C(O)CC(=O)CC(O)CC(O)CC(O)CC(=O)CCCC(=O)CC(=O)OC1C(C)CC(C)C(O)CC(=O)c1ccc(N)cc1,True,10079874.0,CC1C=CC=CC=CC=CC=CC=CC=CC(CC(C(C(CC(=O)CC(CC(CC(CC(=O)CCCC(=O)CC(=O)OC1C(C)CC(C)C(CC(=O)C2=CC=C(C=C2)N)O)O)O)O)O)C(=O)O)O)OC3C(C(C(C(O3)C)O)N)O
CC[C@H](C)[C@H](NC)C(=O)N[C@@H]1C(=O)O[C@@H](C(C)C)C(=O)O[C@@H](CC(C)C)C(=O)N[C@@H]([C@@H](C)CC)C(=O)N(C)[C@@H](CC(C)C)C(=O)N[C@@H]([C@@H](C)O)C(=O)N(C)[C@@H](C(C)C)C(=O)N[C@@H](C)C(=O)N(C)[C@@H](CC(C)C)C(=O)O[C@@H]1C,True,142048614.0,CCC(C)C(C(=O)[NH2+]C(CC(C)C)C(=O)NC(C(C)O)C(=O)NC(C(C)C)C(=O)C)NC(=O)C(CC(C)C)OC(=O)C(C(C)C)OC(=O)C(C(C)OC(=O)C(CC(C)C)NC(=O)C(C)C)NC(=O)C(C(C)CC)NC(=O)C
CCCCC/C=C/C=C/C(=O)OCC1OC(OC2C(CO)OC3(OCc4cc(O)cc(O)c43)C(O)C2OC(=O)/C=C/C=C/CC(O)/C(C)=C/C=C/CCC(C)CC)C(O)C(O)C1O,True,6436198.0,CCC(C)CCC=CC=C(C)C(CC=CC=CC(=O)OC1C(C(OC2(C1O)C3=C(CO2)C=C(C=C3O)O)CO)OC4C(C(C(C(O4)COC(=O)C=CC=CC=CC(CC)O)O)O)O)O
CCC(/C=C/C1OC(=O)C=CC1C)=C\C(C)C/C=C/C(C)=C/C(C)C(=O)C(C)C(O)C(C)C/C(C)=C/C(=O)O,True,6917907.0,CCC(=CC(C)CC=CC(=CC(C)C(=O)C(C)C(C(C)CC(=CC(=O)O)C)O)C)C=CC1C(C=CC(=O)O1)C
CCC(=C/[C@H](C)C/C=C/C(C)=C/[C@@H](C)C(=O)[C@@H](C)[C@H](O)[C@@H](C)C/C(C)=C/C(=O)O)/C=C/[C@H]1OC(=O)C=C[C@@H]1C,True,6917907.0,CCC(=CC(C)CC=CC(=CC(C)C(=O)C(C)C(C(C)CC(=CC(=O)O)C)O)C)C=CC1C(C=CC(=O)O1)C
CCC(C)CC(C)CCCCCCCCC(=O)NC1C[C@H](O)[C@@H](O)NC(=O)[C@@H]2[C@@H](O)[C@@H](C)CN2C(=O)[C@H]([C@H](O)CC(N)=O)NC(=O)[C@H](C(O)[C@H](O)c2ccc(O)cc2)NC(=O)[C@@H]2C[C@@H](O)CN2C(=O)[C@H]([C@@H](C)O)NC1=O,True,14315169.0,CCCCCCCCCCCCCCCC(=O)NC1CC(C(NC(=O)C2C(C(CN2C(=O)C(NC(=O)C(NC(=O)C3CC(CN3C(=O)C(NC1=O)C(C)O)O)C(C(C4=CC=C(C=C4)O)O)O)C(C)O)C)O)O)O
CCC(C)CCCCCCCCCCC(=O)NC1CC(O)C(O)NC(=O)C2C(O)C(C)CN2C(=O)C(CO)NC(=O)C(C(O)Cc2ccc(O)cc2)NC(=O)C2CC(O)CN2C(=O)C(C(C)O)NC1=O,True,14315169.0,CCCCCCCCCCCCCCCC(=O)NC1CC(C(NC(=O)C2C(C(CN2C(=O)C(NC(=O)C(NC(=O)C3CC(CN3C(=O)C(NC1=O)C(C)O)O)C(C(C4=CC=C(C=C4)O)O)O)C(C)O)C)O)O)O
COC(=O)C1C(O)CC2(O)CC(O)CC(O)CC(O)CC(O)CC(=O)CC(O)CC(=O)OC(C(C)CCC(O)CC(=O)c3ccc(N)cc3)C(C)/C=C/C=C/C=C/C=C/C=C/C=C/C=C/C(O[C@H]3O[C@@H](C)[C@H](O)[C@@H](N)[C@H]3O)CC1O2,True,10079874.0,CC1C=CC=CC=CC=CC=CC=CC=CC(CC(C(C(CC(=O)CC(CC(CC(CC(=O)CCCC(=O)CC(=O)OC1C(C)CC(C)C(CC(=O)C2=CC=C(C=C2)N)O)O)O)O)O)C(=O)O)O)OC3C(C(C(C(O3)C)O)N)O
CCCCC/C=C/C=C/C(=O)OC[C@H]1O[C@@H](O[C@H]2[C@H](OC(=O)/C=C/C=C/C[C@H](O)/C(C)=C/C=C/CC[C@@H](C)CC)[C@@H](O)[C@@]3(OCc4cc(O)cc(O)c43)O[C@@H]2CO)[C@H](O)[C@@H](O)[C@H]1O,True,6436198.0,CCC(C)CCC=CC=C(C)C(CC=CC=CC(=O)OC1C(C(OC2(C1O)C3=C(CO2)C=C(C=C3O)O)CO)OC4C(C(C(C(O4)COC(=O)C=CC=CC=CC(CC)O)O)O)O)O
CC[C@H](C)[C@@H]1NC(=O)[C@H](CC(C)C)OC(=O)[C@H](C(C)C)OC(=O)[C@@H](NC(=O)[C@H]([C@@H](C)CC)N(C)C(C)=O)[C@@H](C)OC(=O)[C@H](CC(C)C)N(C)C(=O)[C@H](C)NC(=O)[C@H](C(C)C)N(C)C(=O)[C@H]([C@@H](C)O)NC(=O)[C@H](CC(C)C)N(C)C1=O,True,142048614.0,CCC(C)C(C(=O)[NH2+]C(CC(C)C)C(=O)NC(C(C)O)C(=O)NC(C(C)C)C(=O)C)NC(=O)C(CC(C)C)OC(=O)C(C(C)C)OC(=O)C(C(C)OC(=O)C(CC(C)C)NC(=O)C(C)C)NC(=O)C(C(C)CC)NC(=O)C
CCC(C)CC(C)CCCCCCCCC(=O)NC1CC(O)C(O)NC(=O)C2C(O)CCN2C(=O)C(C(O)CC(N)=O)NC(=O)C(C(O)C(O)c2ccc(O)cc2)NC(=O)C2CC(O)CN2C(=O)C(C(C)O)NC1=O,True,14315169.0,CCCCCCCCCCCCCCCC(=O)NC1CC(C(NC(=O)C2C(C(CN2C(=O)C(NC(=O)C(NC(=O)C3CC(CN3C(=O)C(NC1=O)C(C)O)O)C(C(C4=CC=C(C=C4)O)O)O)C(C)O)C)O)O)O
Nc1ncnc2c1ncn2C1OC(CC(N)CCC(N)C(=O)O)C(O)C1O,True,65482.0,C1=NC(=C2C(=N1)N(C=N2)C3C(C(C(O3)CC(CCC(C(=O)O)N)N)O)O)N
CC(=O)c1cccc(C(N)=O)c1,True,23279231.0,CC(=O)C1=CC(=CC=C1)C(=O)N
CCC(O)/C=C/C=C/C=C/C(=O)OC[C@H]1O[C@@H](O[C@H]2[C@H](OC(=O)/C=C/C=C/C[C@H](O)/C(C)=C/C=C/CC[C@@H](C)CC)[C@@H](O)[C@@]3(OCc4cc(O)cc(O)c43)O[C@@H]2CO)[C@H](O)[C@@H](O)[C@H]1O,True,6436198.0,CCC(C)CCC=CC=C(C)C(CC=CC=CC(=O)OC1C(C(OC2(C1O)C3=C(CO2)C=C(C=C3O)O)CO)OC4C(C(C(C(O4)COC(=O)C=CC=CC=CC(CC)O)O)O)O)O
CC[C@H](C)[C@H](NC)C(=O)N[C@@H]1C(=O)O[C@@H](C(C)C)C(=O)O[C@@H](CC(C)C)C(=O)N[C@@H]([C@@H](C)CC)C(=O)N(C)[C@@H](CC(C)C)C(=O)N[C@@H](CO)C(=O)N(C)[C@@H](C(C)C)C(=O)N[C@@H](C)C(=O)N(C)[C@@H](CC(C)C)C(=O)O[C@@H]1C,True,142048614.0,CCC(C)C(C(=O)[NH2+]C(CC(C)C)C(=O)NC(C(C)O)C(=O)NC(C(C)C)C(=O)C)NC(=O)C(CC(C)C)OC(=O)C(C(C)C)OC(=O)C(C(C)OC(=O)C(CC(C)C)NC(=O)C(C)C)NC(=O)C(C(C)CC)NC(=O)C
Clc1ccc2oc(C(c3ccccc3Cl)n3ccnc3)cc2c1,True,9972577.0,C1=CC=C2C(=C1)C=C(O2)C(C3=CC=C(C=C3)Cl)N4C=CN=C4
CN[C@@H]1[C@H](O[C@@H]2OC[C@H](O)[C@H](O)[C@H]2O)[C@@H](O)[C@@H](O[C@H]2c3cc(C)c(C(=O)N[C@H](C)C(=O)O)c(O)c3-c3c(cc4c(c3O)C(=O)c3cc(OC)cc(O)c3C4=O)[C@H]2O)O[C@H]1C,True,5479145.0,CC1C(C(C(C(O1)OC2C(C3=CC4=C(C(=C3C5=C2C=C(C(=C5O)C(=O)NC(C)C(=O)O)C)O)C(=O)C6=C(C4=O)C(=CC(=C6)OC)O)O)O)OC7C(C(C(CO7)O)O)O)NC
CCCCCC(O)C1C(=O)OC(C)C(O)/C=C/C=C/C=C/C=C/C=C(/C)C(O)CC(O)CC(O)CC(O)CC(O)CC(O)CC1O,True,5282200.0,CCCCCC(C1C(CC(CC(CC(CC(CC(C(C(C(=CC=CC=CC=CC=CC(C(OC1=O)C)O)C)O)O)O)O)O)O)O)O)O
CC1CCC/C=C/C2CC(O)CC2C(O)/C=C\C(=O)O1,True,5287620.0,CC1CCCC=CC2CC(CC2C(C=CC(=O)O1)O)O
COc1ccc(CC2NC(=O)/C=C/CC(C(C)C3OC3c3ccccc3)OC(=O)C(CC(C)C)OC(=O)C(C)CNC2=O)cc1Cl,True,9939639.0,CC(C)CC1C(=O)OC(CC=CC(=O)NC(C(=O)NCC(C(=O)O1)(C)C)CC2=CC(=C(C=C2)OC)Cl)C(C)C3C(O3)C4=CC=CC=C4
CCNc1nsc2ccccc12,True,202210.0,CNC1=NSC2=CC=CC=C21.Cl
C[C@@H]1[C@H](O)[C@@H](C)/C=C/C=C/CC/C=C/C=C/C=C/C=C/[C@H](O[C@@H]2O[C@H](C)[C@@H](O)[C@H](N)[C@@H]2O)C[C@@H]2O[C@](O)(C[C@@H](O)CCC[C@@H](O)C[C@@H](O)C[C@@H](O)CC(=O)O[C@H]1C)C[C@H](O)[C@H]2C(=O)O,True,5280965.0,CC1C=CC=CC=CC=CC=CC=CC=CC(CC2C(C(CC(O2)(CC(CC(C(CCC(CC(CC(=O)OC(C(C1O)C)C)O)O)O)O)O)O)O)C(=O)O)OC3C(C(C(C(O3)C)O)N)O
CC[C@H](C)[C@H](NC)C(=O)N[C@@H]1C(=O)O[C@@H](C(C)C)C(=O)O[C@@H](CC(C)C)C(=O)N[C@@H](C(C)C)C(=O)N(C)[C@@H](CC(C)C)C(=O)N[C@@H]([C@@H](C)O)C(=O)N(C)[C@@H](C(C)C)C(=O)N[C@@H](C)C(=O)N(C)[C@@H](CC(C)C)C(=O)O[C@@H]1C,True,142048614.0,CCC(C)C(C(=O)[NH2+]C(CC(C)C)C(=O)NC(C(C)O)C(=O)NC(C(C)C)C(=O)C)NC(=O)C(CC(C)C)OC(=O)C(C(C)C)OC(=O)C(C(C)OC(=O)C(CC(C)C)NC(=O)C(C)C)NC(=O)C(C(C)CC)NC(=O)C
O=C([O-])CNCP(=O)([O-])O,True,23673029.0,C(C(=O)[O-])NCP(=O)(O)O.[K+]
COC1=CC(C)=CC(C)C(O)C(C)CC(C)=CC=CC(OC)C(C(C)C(O)C(C)C2(O)CC(O)C(C)C(C(C)C)O2)OC1=O,True,6436223.0,CC1CC(=CC=CC(C(OC(=O)C(=CC(=CC(C1O)C)C)OC)C(C)C(C(C)C2(CC(C(C(O2)C(C)C)C)O)O)O)OC)C
CSCC1CN(N=Cc2ccc([N+](=O)[O-])o2)C(=O)O1,True,6433427.0,CSCC1CN(C(=O)O1)N=CC2=CC=C(O2)[N+](=O)[O-]
C/C=C/C[C@@H](C)[C@@H](O)[C@H]1C(=O)N[C@H](CC)C(=O)N(C)CC(=O)N(C)[C@@H](CC(C)C)C(=O)N[C@@H](C(C)C)C(=O)N(C)[C@H](CC(C)C)C(=O)N[C@@H](C)C(=O)N[C@@H](C)C(=O)N(C)[C@@H](CC(C)C)C(=O)N(C)[C@@H](CC(C)C)C(=O)N(C)[C@H](C(C)C)C(=O)N1C,True,5284373.0,CCC1C(=O)N(CC(=O)N(C(C(=O)NC(C(=O)N(C(C(=O)NC(C(=O)NC(C(=O)N(C(C(=O)N(C(C(=O)N(C(C(=O)N(C(C(=O)N1)C(C(C)CC=CC)O)C)C(C)C)C)CC(C)C)C)CC(C)C)C)C)C)CC(C)C)C)C(C)C)CC(C)C)C)C
CCC(=O)[C@@H](C)[C@@H](O)[C@H](C)C[C@@H](C)[C@H]1OC(=O)C[C@@]2(O)CC=C(C)[C@H](O2)/C(C)=C/CCC[C@@H](O[C@H]2C[C@@H](O)[C@H](O)[C@@H](C)O2)/C=C/[C@H](C)C[C@H]1C,True,10032713.0,CCC(=O)C(C)C(C(C)CC(C)C1C(CC(C=CC(CCCC=C(C2C(=CCC(O2)(CC(=O)O1)O)C)C)OC3CC(C(C(O3)C)O)O)C)C)O
CCC(C)CC/C=C/C=C(\C)C(O)C/C=C/C=C/C(=O)O[C@H]1[C@H](O)[C@@H](CO)OC2(OCc3cc(O)cc(O)c32)[C@@H]1O,True,6436198.0,CCC(C)CCC=CC=C(C)C(CC=CC=CC(=O)OC1C(C(OC2(C1O)C3=C(CO2)C=C(C=C3O)O)CO)OC4C(C(C(C(O4)COC(=O)C=CC=CC=CC(CC)O)O)O)O)O
O[C@](Cn1cncn1)(Cn1cnc(/C=C\c2ccc(OCC(F)(F)C(F)F)cc2)n1)c1ccc(F)cc1F,True,6442246.0,C1=CC(=CC=C1C=CC2=NN(C=N2)CC(CN3C=NC=N3)(C4=C(C=C(C=C4)F)F)O)OCC(C(F)F)(F)F
CCCCC[C@H](O)[C@H]1C(=O)O[C@H](C)[C@@H](O)/C=C/C=C/C=C/C=C/C=C(\C)[C@@H](O)C[C@H](O)C[C@H](O)C[C@H](O)C[C@H](O)C[C@H](O)C[C@@H]1O,True,5282200.0,CCCCCC(C1C(CC(CC(CC(CC(CC(C(C(C(=CC=CC=CC=CC=CC(C(OC1=O)C)O)C)O)O)O)O)O)O)O)O)O
CC(C(N)C(=O)NC(C(=O)O)C1OC(n2ccc(=O)[nH]c2=O)C(O)C1O)C(O)c1ccc(O)cn1,True,456557.0,CC(C(C1=NC=C(C=C1)O)O)C(C(=O)NC(C2C(C(C(O2)N3C=CC(=O)NC3=O)O)O)C(=O)O)N
CN(CCC(N)CC(=O)N[C@H]1C=C[C@H](n2ccc(N)nc2=O)O[C@@H]1C(=O)O)C(=N)N,True,170012.0,CN(CCC(CC(=O)NC1C=CC(OC1C(=O)O)N2C=CC(=NC2=O)N)N)C(=N)N
CCCCC1C/C=C/C=C/C=C/C=C/C(O[C@@H]2O[C@H](C)[C@@H](O)[C@H](N)[C@@H]2O)CC2OC(O)(CC(O)CC3OC3/C=C/C(=O)O1)CC(O)C2C(=O)O,True,5284447.0,CC1CC=CC=CC=CC=CC(CC2C(C(CC(O2)(CC(CC3C(O3)C=CC(=O)O1)O)O)O)C(=O)O)OC4C(C(C(C(O4)C)O)N)O
C[C@H]1CCCC=C[C@@H]2C[C@H](O)C[C@H]2[C@H](O)/C=C/C(=O)O1,True,5287620.0,CC1CCCC=CC2CC(CC2C(C=CC(=O)O1)O)O
CC(O)C(C)n1ncn(-c2ccc(N3CCN(c4ccc(OC[C@@H]5CO[C@@](Cn6cncn6)(c6ccc(Cl)cc6Cl)O5)cc4)CC3)cc2)c1=O,True,55283.0,CCC(C)N1C(=O)N(C=N1)C2=CC=C(C=C2)N3CCN(CC3)C4=CC=C(C=C4)OCC5COC(O5)(CN6C=NC=N6)C7=C(C=C(C=C7)Cl)Cl
CC[C@H](C)[C@@H]1NC(=O)[C@H](CCCCN)NC(=O)[C@@H]2CSSC[C@H](NC(=O)[C@@H](NC(=O)[C@H](CO)NC(=O)[C@@H](N)CCCCN)CSSC[C@@H](C(=O)N3CCC[C@H]3C(=O)N[C@@H](CCCCN)C(=O)NCC(=O)N[C@@H](Cc3ccccc3)C(=O)N3CCC[C@H]3C(=O)N[C@@H](CCCCN)C(=O)O)NC(=O)[C@H](CO)NC(=O)[C@H](CC(C)C)NC(=O)CNC(=O)[C@H](CO)NC(=O)[C@H](CO)NC1=O)C(=O)N[C@@H](CCCNC(=N)N)C(=O)N[C@@H](CO)C(=O)N[C@@H]([C@@H](C)O)C(=O)N[C@@H](CC(C)C)C(=O)NCC(=O)N[C@@H](CCCNC(=N)N)C(=O)N[C@@H](CC(N)=O)C(=O)N[C@H]1CSSC[C@H](NC(=O)[C@H](C(C)C)NC(=O)CNC(=O)[C@H](C)NC(=O)[C@@H]3CSSC[C@H](NC(=O)[C@H](CC(C)C)NC(=O)[C@H](CC(N)=O)NC(=O)[C@H](Cc4ccc(O)cc4)NC1=O)C(=O)N[C@@H](CCCNC(=N)N)C(=O)N[C@@H](C)C(=O)N[C@@H](CCCNC(=N)N)C(=O)NCC(=O)N[C@@H](C)C(=O)N[C@@H](CCC(N)=O)C(=O)N[C@@H](CCCCN)C(=O)N[C@@H](CC(C)C)C(=O)N3)C(=O)N[C@@H](CCCNC(=N)N)C(=O)N2,True,44575206.0,CCC(C)C1C(=O)NC(C(=O)NC(C(=O)NC(C(=O)NC(C(=O)NCC(=O)NC2CSSCC3C(=O)NCC(=O)NC(C(=O)NC(C(=O)NC4CSSCC(C(=O)NC(C(=O)NC(C(=O)NC(C(=O)NC(C(=O)NC(CSSCC(C(=O)N1)NC(=O)C5CCCN5C(=O)C(NC(=O)C(NC(=O)C(NC4=O)C(C)C)CC6=CC=CC=C6)C(C)CC)C(=O)NC(C(=O)NC(C(=O)NC(C(=O)NCC(=O)NC(C(=O)N7CCCC7C(=O)N3)C(C)CC)CC(=O)N)CCCNC(=N)N)CC8=CC=C(C=C8)O)C(C)C)CCCCN)CO)CCCCN)NC(=O)C(NC2=O)CO)CO)CCC(=O)O)C)C(C)C)CO)C(C)O
Clc1ccc(C(Cn2ccnc2)OCc2c(Cl)cccc2Cl)cc1,True,4189.0,C1=CC(=C(C=C1Cl)Cl)COC(CN2C=CN=C2)C3=C(C=C(C=C3)Cl)Cl
CCC(C)CC(C)CCCCCCCCC(=O)NC1CC(O)C(O)NC(=O)C2C(O)C(C)CN2C(=O)C(C(O)CC(N)=O)NC(=O)C(C(O)C(O)c2ccc(O)cc2)NC(=O)C2CC(O)CN2C(=O)C(C(C)O)NC1=O,True,14315169.0,CCCCCCCCCCCCCCCC(=O)NC1CC(C(NC(=O)C2C(C(CN2C(=O)C(NC(=O)C(NC(=O)C3CC(CN3C(=O)C(NC1=O)C(C)O)O)C(C(C4=CC=C(C=C4)O)O)O)C(C)O)C)O)O)O
CCCCCOc1ccc(-c2ccc(-c3ccc(C(=O)N[C@H]4C[C@@H](O)[C@@H](O)NC(=O)[C@@H]5[C@@H](O)[C@@H](C)CN5C(=O)[C@H]([C@H](C)O)NC(=O)[C@H]([C@H](O)[C@@H](O)c5ccc(O)cc5)NC(=O)[C@@H]5C[C@@H](O)CN5C(=O)[C@H]([C@H](C)O)NC4=O)cc3)cc2)cc1,True,166548.0,CCCCCOC1=CC=C(C=C1)C2=CC=C(C=C2)C3=CC=C(C=C3)C(=O)NC4CC(C(NC(=O)C5C(C(CN5C(=O)C(NC(=O)C(NC(=O)C6CC(CN6C(=O)C(NC4=O)C(C)O)O)C(C(C7=CC=C(C=C7)O)O)O)C(C)O)C)O)O)O
COC1=CC(C)=C[C@@H](C)[C@@H](O)[C@@H](C)CC(C)=CC=C[C@H](OC)[C@@H]([C@@H](C)[C@@H](O)[C@H](C)[C@@]2(O)C[C@@H](O)[C@H](C)[C@@H](C(C)C)O2)OC1=O,True,6436223.0,CC1CC(=CC=CC(C(OC(=O)C(=CC(=CC(C1O)C)C)OC)C(C)C(C(C)C2(CC(C(C(O2)C(C)C)C)O)O)O)OC)C
CC1CC2OC2/C=C\C=C\C(=O)Cc2c(Cl)c(O)cc(O)c2C(=O)O1,True,6323491.0,CC1CC2C(O2)C=CC=CC(=O)CC3=C(C(=CC(=C3Cl)O)O)C(=O)O1
C[C@H]1CCC/C=C\[C@@H]2C[C@H](O)C[C@H]2[C@H](O)/C=C\C(=O)O1,True,5287620.0,CC1CCCC=CC2CC(CC2C(C=CC(=O)O1)O)O
CC[C@H](C)C[C@H](C)CCCCCCCCC(=O)N[C@@H]1C[C@@H](O)[C@@H](O)NC(=O)[C@@H]2[C@@H](O)[C@@H](C)CN2C(=O)[C@H]([C@H](O)CC(N)=O)NC(=O)[C@H]([C@H](O)[C@@H](O)c2ccc(O)cc2)NC(=O)[C@@H]2C[C@@H](O)CN2C(=O)[C@H]([C@@H](C)O)NC1=O,True,14315169.0,CCCCCCCCCCCCCCCC(=O)NC1CC(C(NC(=O)C2C(C(CN2C(=O)C(NC(=O)C(NC(=O)C3CC(CN3C(=O)C(NC1=O)C(C)O)O)C(C(C4=CC=C(C=C4)O)O)O)C(C)O)C)O)O)O
CCC(C)CC(C)CCCCCCCCC(=O)NC1CC(O)C(NCCN)NC(=O)C2C(O)CCN2C(=O)C(C(O)CCN)NC(=O)C(C(O)C(O)c2ccc(O)cc2)NC(=O)C2CC(O)CN2C(=O)C(C(C)O)NC1=O,True,16119814.0,CCC(C)CC(C)CCCCCCCCC(=O)NC1CC(C(NC(=O)C2C(CCN2C(=O)C(NC(=O)C(NC(=O)C3CC(CN3C(=O)C(NC1=O)C(C)O)O)C(C(C4=CC=C(C=C4)O)O)O)C(CCN)O)O)NCCN)O
N=C(N)c1ccc(C=Cc2ccc(C(=N)N)cc2O)cc1,True,5284571.0,C1=CC(=CC=C1C=CC2=C(C=C(C=C2)C(=N)N)O)C(=N)N
C/C1=C/[C@H](C)C[C@H](C)OC(=O)C[C@H](c2ccc(O)cc2)NC(=O)[C@@H](Cc2c(Br)[nH]c3ccccc23)N(C)C(=O)[C@H](C)NC(=O)[C@@H](C)C1,True,9831636.0,CC1CC(OC(=O)CC(NC(=O)C(N(C(=O)C(NC(=O)C(CC(=C1)C)C)C)C)CC2=C(NC3=CC=CC=C32)Br)C4=CC=C(C=C4)O)C
CCCCCC[C@H]1C(=O)O[C@H](C)[C@@H](O)/C=C\C=C/C=C\C=C/C=C(/C)[C@@H](O)C[C@H](O)C[C@H](O)C[C@H](O)C[C@H](O)C[C@H](O)C[C@@H]1O,True,5282200.0,CCCCCC(C1C(CC(CC(CC(CC(CC(C(C(C(=CC=CC=CC=CC=CC(C(OC1=O)C)O)C)O)O)O)O)O)O)O)O)O
CCC(C)CCCCCCCCCCC(=O)N[C@H]1C[C@@H](O)[C@@H](O)NC(=O)[C@@H]2[C@@H](O)[C@@H](C)CN2C(=O)[C@H](CO)NC(=O)[C@H]([C@H](O)Cc2ccc(O)cc2)NC(=O)[C@@H]2C[C@@H](O)CN2C(=O)[C@H]([C@@H](C)O)NC1=O,True,14315169.0,CCCCCCCCCCCCCCCC(=O)NC1CC(C(NC(=O)C2C(C(CN2C(=O)C(NC(=O)C(NC(=O)C3CC(CN3C(=O)C(NC1=O)C(C)O)O)C(C(C4=CC=C(C=C4)O)O)O)C(C)O)C)O)O)O
[2H]C([2H])([2H])C([2H])([2H])C(C)n1ncn(-c2ccc(N3CCN(c4ccc(OC[C@H]5CO[C@](Cn6cncn6)(c6ccc(Cl)cc6Cl)O5)cc4)CC3)cc2)c1=O,True,55283.0,CCC(C)N1C(=O)N(C=N1)C2=CC=C(C=C2)N3CCN(CC3)C4=CC=C(C=C4)OCC5COC(O5)(CN6C=NC=N6)C7=C(C=C(C=C7)Cl)Cl
CCCCC/C=C\C/C=C\CCCCCCCC(=O)N[C@H]1C[C@@H](O)[C@@H](O)NC(=O)[C@@H]2[C@@H](O)[C@@H](C)CN2C(=O)[C@H]([C@@H](C)O)NC(=O)[C@H]([C@H](O)Cc2ccc(O)cc2)NC(=O)[C@@H]2C[C@@H](O)CN2C(=O)[C@H]([C@@H](C)O)NC1=O,True,14315169.0,CCCCCCCCCCCCCCCC(=O)NC1CC(C(NC(=O)C2C(C(CN2C(=O)C(NC(=O)C(NC(=O)C3CC(CN3C(=O)C(NC1=O)C(C)O)O)C(C(C4=CC=C(C=C4)O)O)O)C(C)O)C)O)O)O
C[C@@H]1C[C@@H]2O[C@H]2/C=C\C=C\C(=NO)Cc2c(Cl)c(O)cc(O)c2C(=O)O1,True,44319143.0,CC1CC2C(O2)C=CC=CC(=NO)CC3=C(C(=CC(=C3Cl)O)O)C(=O)O1
CC[C@H](C)[C@H](NC(=O)[C@H](CO)NC(=O)[C@@H]1CCCN1C(=O)[C@H](C)NC(=O)CNC(=O)[C@H](CC(C)C)NC(=O)[C@H](CCCCN)NC(=O)[C@H](CCCCN)NC(=O)[C@H](CCSC)NC(=O)[C@H](CCCNC(=N)N)NC(=O)[C@H](Cc1c[nH]c2ccccc12)NC(=O)[C@H](CCC(N)=O)NC(=O)[C@H](Cc1c[nH]c2ccccc12)NC(=O)[C@H](CCCNC(=N)N)NC(=O)[C@H](CCCNC(=N)N)NC(=O)[C@H](CS)NC(=O)[C@H](CCCCN)NC(=O)[C@@H](N)Cc1ccccc1)C(=O)N[C@H](C(=O)N[C@@H](CS)C(=O)N[C@H](C(=O)N[C@@H](CCCNC(=N)N)C(=O)N[C@@H](CCCNC(=N)N)C(=O)N[C@@H](C)C(=O)N[C@@H](Cc1ccccc1)C(=O)O)C(C)C)[C@@H](C)O,True,44567785.0,CCC(C)C1C(=O)NC(C(=O)NC(CSSCC(C(=O)NC(C(=O)NC(C(=O)NC(C(=O)NC(C(=O)NC(C(=O)NC(C(=O)NC(C(=O)NC(NC(C(=O)NC(C(=O)NCC(=O)NC(C(=O)N2CCCC2C(=O)NC(C(=O)N1)CO)C)CC(C)C)CCCCN)CCCCN)CCSC)CCCNC(=N)N)CC3=CNC4=CC=CC=C43)CCC(=O)N)CC5=CNC6=CC=CC=C65)CCCNC(=N)N)CCCNC(=N)N)NC(=O)C(CCCCN)NC(=O)C(CC7=CC=CC=C7)N)C(=O)NC(C(C)C)C(=O)NC(CCCNC(=N)N)C(=O)NC(C)C(=O)NC(CC8=CC=CC=C8)C(=O)O)C(C)O
C[C@H]1/C=C/C=C/C=C/C=C\C=C/C=C/C=C/[C@H](O[C@@H]2O[C@H](C)[C@@H](O)[C@H](N)[C@@H]2O)C[C@H](O)[C@H](C(=O)O)[C@@H](O)CC(=O)C[C@@H](O)C[C@@H](O)C[C@@H](O)CC(=O)CCCC(=O)CC(=O)O[C@@H]1[C@@H](C)C[C@H](C)[C@@H](O)CC(=O)c1ccc(N)cc1,True,10079874.0,CC1C=CC=CC=CC=CC=CC=CC=CC(CC(C(C(CC(=O)CC(CC(CC(CC(=O)CCCC(=O)CC(=O)OC1C(C)CC(C)C(CC(=O)C2=CC=C(C=C2)N)O)O)O)O)O)C(=O)O)O)OC3C(C(C(C(O3)C)O)N)O
CCCCC[C@@H](O)[C@@H]1C(=O)O[C@@H](C)[C@@H](O)/C=C\C=C/C=C\C=C/C=C(/C)[C@H](O)C[C@H](O)C[C@H](O)C[C@H](O)C[C@H](O)C[C@H](O)C[C@@H]1O,True,5282200.0,CCCCCC(C1C(CC(CC(CC(CC(CC(C(C(C(=CC=CC=CC=CC=CC(C(OC1=O)C)O)C)O)O)O)O)O)O)O)O)O
C[C@@H]1C/C=C\C=C\C=C\C=C\[C@H](O[C@@H]2O[C@H](C)[C@@H](O)[C@H](N)[C@@H]2O)C[C@@H]2O[C@](O)(C[C@@H](O)C[C@@H]3O[C@@H]3/C=C\C(=O)O1)C[C@H](O)[C@H]2C(=O)O,True,5284447.0,CC1CC=CC=CC=CC=CC(CC2C(C(CC(O2)(CC(CC3C(O3)C=CC(=O)O1)O)O)O)C(=O)O)OC4C(C(C(C(O4)C)O)N)O
CC[C@H](C)CCCCCCCCCCC(=O)N[C@H]1C[C@H](O)[C@H](O)NC(=O)[C@H]2[C@H](O)[C@H](C)CN2C(=O)[C@@H](CO)NC(=O)[C@H]([C@@H](O)[C@@H](O)c2ccc(O)cc2)NC(=O)[C@@H]2C[C@H](O)CN2C(=O)[C@@H]([C@H](C)O)NC1=O,True,14315169.0,CCCCCCCCCCCCCCCC(=O)NC1CC(C(NC(=O)C2C(C(CN2C(=O)C(NC(=O)C(NC(=O)C3CC(CN3C(=O)C(NC1=O)C(C)O)O)C(C(C4=CC=C(C=C4)O)O)O)C(C)O)C)O)O)O
C[C@@H]1CC[C@@]2(NC1)O[C@H]1C[C@H]3[C@@H]4CC[C@H]5C[C@@H](O[C@@H]6O[C@H](CO)[C@H](O[C@@H]7O[C@H](CO)[C@@H](O)[C@H](O[C@@H]8OC[C@@H](O)[C@H](O)[C@H]8O)[C@H]7O[C@@H]7O[C@H](CO)[C@@H](O)[C@H](O)[C@H]7O)[C@H](O)[C@H]6O)CC[C@]5(C)[C@H]4CC[C@]3(C)[C@H]1[C@@H]2C,True,28523.0,CC1CCC2(C(C3C(O2)CC4C3(CCC5C4CCC6C5(CCC(C6)OC7C(C(C(C(O7)CO)OC8C(C(C(C(O8)CO)O)OC9C(C(C(CO9)O)O)O)OC2C(C(C(C(O2)CO)O)O)O)O)O)C)C)C)NC1
CCN(CC)CCOc1ccc(C(=O)CCc2ccccc2)cc1,True,69931.0,CCN(CC)CCOC1=CC=C(C=C1)C(=O)C2=CC=CC=C2
Clc1ccc(OCCO/C(=C/n2ccnc2)c2ccc(Cl)cc2Cl)cc1,True,3033988.0,CC(=C(C1=C(C=C(C=C1)Cl)Cl)OCCOC2=CC=C(C=C2)Cl)N3C=CN=C3
CO/C(=C/C(N)=O)[C@H](C)[C@H](/C=C/c1csc(-c2csc(C(C)/C=C/C=C/C(C)C)n2)n1)OC,True,10972974.0,CC(C)C=CC=CC(C)C1=NC(=CS1)C2=NC(=CS2)C=CC(C(C)C(=CC(=O)N)OC)OC
CCC(C)CC(C)CCCCCCCCC(=O)N[C@H]1C[C@@H](O)[C@@H](O)NC(=O)[C@@H]2[C@@H](O)[C@@H](C)CN2C(=O)[C@H]([C@H](O)CC(N)=O)NC(=O)[C@H]([C@H](O)[C@@H](O)c2ccc(O)cc2)NC(=O)[C@@H]2C[C@@H](O)CN2C(=O)[C@H]([C@@H](C)O)NC1=O,True,14315169.0,CCCCCCCCCCCCCCCC(=O)NC1CC(C(NC(=O)C2C(C(CN2C(=O)C(NC(=O)C(NC(=O)C3CC(CN3C(=O)C(NC1=O)C(C)O)O)C(C(C4=CC=C(C=C4)O)O)O)C(C)O)C)O)O)O
OC(Cn1cncn1)(Cn1cnc(/C=C/c2ccc(OCC(F)(F)C(F)F)cc2)n1)c1ccc(F)cc1F,True,6442246.0,C1=CC(=CC=C1C=CC2=NN(C=N2)CC(CN3C=NC=N3)(C4=C(C=C(C=C4)F)F)O)OCC(C(F)F)(F)F
CN=C(N)NCCC/C=C/CCC[C@H](C)C[C@H](C)[C@H]1OC(=O)[C@H](C)[C@H](O)/C=C/[C@H](C)[C@H](O)C[C@H](O)[C@H](C)[C@@H](O)CC[C@H](C)[C@H](O)C[C@]2(O)O[C@H](C[C@@H](OC(=O)CC(=O)O)C[C@@H](O)C[C@@H](O)[C@H](C)[C@H](O)/C=C/C=C/[C@@H]1C)C[C@H](O)[C@H]2O,True,44409344.0,CC1CCC(C(C(CC(C(C=CC(C(C(=O)OC(C(C=CC=CC(C(C(CC(CC(CC2CC(C(C(O2)(CC1O)O)O)O)OC(=O)CC(=O)O)O)O)C)O)C)C(C)CC(C)CCCC=CCCCNC(=NC)N)C)O)C)O)O)C)O
CCCCC[C@@H](O)C1C(=O)O[C@H](C)[C@@H](O)/C=C/C=C/C=C/C=C/C=C(/C)[C@@H](O)C[C@H](O)C[C@H](O)C[C@H](O)C[C@H](O)C[C@H](O)C[C@@H]1O,True,5282200.0,CCCCCC(C1C(CC(CC(CC(CC(CC(C(C(C(=CC=CC=CC=CC=CC(C(OC1=O)C)O)C)O)O)O)O)O)O)O)O)O
CC[C@H](C)C(=O)O[C@H]1CCC=C2C=C[C@H](C)[C@H](CC[C@@H]3C[C@@H](O)CC(=O)O3)C21,True,53232.0,CCC(C)C(=O)OC1CC(C=C2C1C(C(C=C2)C)CCC3CC(CC(=O)O3)O)C
COc1ccc(C[C@@H]2NC(=O)/C=C\C[C@@H]([C@@H](C)[C@H]3O[C@@H]3c3ccccc3)OC(=O)[C@H](CC(C)C)OC(=O)[C@H](C)CNC2=O)cc1Cl,True,9939639.0,CC(C)CC1C(=O)OC(CC=CC(=O)NC(C(=O)NCC(C(=O)O1)(C)C)CC2=CC(=C(C=C2)OC)Cl)C(C)C3C(O3)C4=CC=CC=C4
CCC(C)CC(C)CCCCCCCCC(=O)N[C@H]1C[C@@H](O)[C@@H](NCCN)NC(=O)[C@@H]2[C@@H](O)CCN2C(=O)C([C@H](O)CCN)NC(=O)[C@H]([C@H](O)[C@@H](O)c2ccc(O)cc2)NC(=O)[C@@H]2C[C@@H](O)CN2C(=O)[C@H]([C@@H](C)O)NC1=O,True,16119814.0,CCC(C)CC(C)CCCCCCCCC(=O)NC1CC(C(NC(=O)C2C(CCN2C(=O)C(NC(=O)C(NC(=O)C3CC(CN3C(=O)C(NC1=O)C(C)O)O)C(C(C4=CC=C(C=C4)O)O)O)C(CCN)O)O)NCCN)O
O=c1oc(-c2ccccc2)nn1SC(Cl)(Cl)Cl,True,194704.0,C1=CC=C(C=C1)C2=NN(C(=O)O2)SC(Cl)(Cl)Cl
Fc1ccc2c(c1)[C@@H](OCc1c(F)cccc1F)[C@@H](Cn1ccnc1)S2,True,59856.0,C1=CC(=C(C(=C1)F)COC2C(SC3=C2C=C(C=C3)F)CN4C=CN=C4)F
CNc1ccc(C(=O)CC(O)CCC(C)C2OC(=O)CC(O)CC(=O)CC(O)CC(O)CC(O)CC(O)CC3(O)CC(O)C(C(=O)OC)C(CC(O[C@@H]4O[C@H](C)[C@@H](O)[C@H](N)[C@@H]4O)C=CC=CC=CC=CC=CC=CC=CC2C)O3)cc1,True,11981152.0,CC1C=CC=CC=CC=CC=CC=CC=CC(CC2C(C(CC(O2)(CC(CC(CC(CC(CC(=O)CC(CC(=O)OC1C(C)CCC(CC(=O)C3=CC=C(C=C3)N)O)O)O)O)O)O)O)O)C(=O)OC)OC4C(C(C(C(O4)C)O)N)O.CC1C=CC=CC=CC=CC=CC=CC=CC(CC2C(C(CC(O2)(CC(CC(CC(CC(CC(=O)CC(CC(=O)OC1C(C)CCC(CC(=O)C3=CC=C(C=C3)NC)O)O)O)O)O)O)O)O)C(=O)OC)OC4C(C(C(C(O4)C)O)N)O
CCC(C)[C@@H]1NC(=O)[C@@H]2CCCN2C(=O)[C@H](Cc2ccccc2)N(C)C(=O)[C@H](Cc2ccccc2)NC(=O)[C@H](C(C)C)N(C)C(=O)[C@@H](C(C)CC)OC(=O)[C@H](C(C)(C)O)N(C)C(=O)[C@H](CC(C)C)NC(=O)[C@H](C(C)C)N(C)C1=O,True,9919816.0,CCC(C)C1C(=O)N(C(C(=O)NC(C(=O)N(C(C(=O)OC(C(=O)N(C(C(=O)NC(C(=O)N(C(C(=O)N2CCCC2C(=O)N1)CC3=CC=CC=C3)C)CC4=CC=CC=C4)C(C)C)C)C(C)CC)C(C)(C)O)C)CC(C)C)C(C)C)C
C[C@@H]1C[C@@H]2O[C@H]2/C=C/C=C\C(=O)Cc2c(Cl)c(O)cc(O)c2C(=O)O1,True,6323491.0,CC1CC2C(O2)C=CC=CC(=O)CC3=C(C(=CC(=C3Cl)O)O)C(=O)O1
CC[C@H](C)C[C@H](C)CCCCCCCCC(=O)NC1C[C@@H](O)[C@@H](O)NC(=O)[C@@H]2[C@@H](O)CCN2C(=O)[C@H]([C@H](O)CC(N)=O)NC(=O)[C@H]([C@H](O)[C@@H](O)c2ccc(O)cc2)NC(=O)[C@@H]2C[C@@H](O)CN2C(=O)[C@H]([C@@H](C)O)NC1=O,True,14315169.0,CCCCCCCCCCCCCCCC(=O)NC1CC(C(NC(=O)C2C(C(CN2C(=O)C(NC(=O)C(NC(=O)C3CC(CN3C(=O)C(NC1=O)C(C)O)O)C(C(C4=CC=C(C=C4)O)O)O)C(C)O)C)O)O)O
CC(C)(C)C(=O)C(Cn1ccnc1)Oc1ccc(Cl)cc1Cl,True,3016731.0,CC(C)(C)C(=O)C(CN1C=CN=C1)OC2=C(C=C(C=C2)Cl)Cl
O=c1c2ccccc2nc(-n2cncn2)n1-c1ccc(Cl)cc1Cl,True,86417.0,C1=CC2=C(C=C1F)C(=O)N(C(=N2)N3C=NC=N3)C4=C(C=C(C=C4)Cl)Cl
CSc1ncc(OCC#CI)cn1,True,65804.0,CSC1=NC=C(C=N1)OCC#CI
CCOC(=O)c1cncn1C1CCCc2ccccc21,True,27006.0,CCOC(=O)C1=CN=CN1C2CCCC3=CC=CC=C23.[N+](=O)(O)[O-]
C/C=C\C[C@@H](C)[C@H](O)C1C(=O)NC(CC)C(=O)N(C)CC(=O)N(C)C(CC(C)C)C(=O)NC(C(C)C)C(=O)N(C)C(CC(C)C)C(=O)NC(C)C(=O)NC(C)C(=O)N(C)C(CC(C)C)C(=O)N(C)C(CC(C)C)C(=O)N(C)C(C(C)C)C(=O)N1C,True,5284373.0,CCC1C(=O)N(CC(=O)N(C(C(=O)NC(C(=O)N(C(C(=O)NC(C(=O)NC(C(=O)N(C(C(=O)N(C(C(=O)N(C(C(=O)N(C(C(=O)N1)C(C(C)CC=CC)O)C)C(C)C)C)CC(C)C)C)CC(C)C)C)C)C)CC(C)C)C)C(C)C)CC(C)C)C)C
CCCCC[C@@H](O)[C@H]1C(=O)O[C@H](C)[C@@H](O)/C=C\C=C/C=C\C=C/C=C(/C)[C@@H](O)C[C@H](O)C[C@H](O)C[C@H](O)C[C@H](O)C[C@H](O)C[C@@H]1O,True,5282200.0,CCCCCC(C1C(CC(CC(CC(CC(CC(C(C(C(=CC=CC=CC=CC=CC(C(OC1=O)C)O)C)O)O)O)O)O)O)O)O)O
CCCCC/C=C/C/C=C\CCCCCCCC(=O)NC1CC(O)C(O)NC(=O)C2C(O)C(C)CN2C(=O)C(C(C)O)NC(=O)C(C(O)C(O)c2ccc(O)cc2)NC(=O)C2CC(O)CN2C(=O)C(C(C)O)NC1=O,True,14315169.0,CCCCCCCCCCCCCCCC(=O)NC1CC(C(NC(=O)C2C(C(CN2C(=O)C(NC(=O)C(NC(=O)C3CC(CN3C(=O)C(NC1=O)C(C)O)O)C(C(C4=CC=C(C=C4)O)O)O)C(C)O)C)O)O)O
CNc1ccc(C(=O)CC(O)CCC(C)C2OC(=O)CC(O)CC(=O)CC(O)CC(O)CC(O)CC(O)CC3(O)CC(O)C(C(=O)OC)C(O3)C(OC3O[C@H](C)[C@@H](O)[C@H](N)[C@@H]3O)C/C=C/C=C/C=C/C=C/C=C/C=C/C=C/C2C)cc1,True,6446340.0,CC1C=CC=CC=CC=CC=CC=CC=CC(CC2C(C(CC(O2)(CC(CC(CC(CC(CC(CC(CC(=O)OC1C(C)CCC(CC(=O)C3=CC=C(C=C3)NC)O)O)O)O)O)O)O)O)O)C(=O)O)OC4C(C(C(C(O4)C)O)N)O
CCC(C)CC(C)CCCCCCCCC(=O)N[C@@H]1C[C@@H](O)C(NCCN)NC(=O)[C@@H]2[C@@H](O)CCN2C(=O)[C@H]([C@H](O)CCN)NC(=O)[C@H]([C@@H](O)[C@H](O)c2ccc(O)cc2)NC(=O)[C@@H]2C[C@H](O)CN2C(=O)[C@H]([C@@H](C)O)NC1=O,True,16119814.0,CCC(C)CC(C)CCCCCCCCC(=O)NC1CC(C(NC(=O)C2C(CCN2C(=O)C(NC(=O)C(NC(=O)C3CC(CN3C(=O)C(NC1=O)C(C)O)O)C(C(C4=CC=C(C=C4)O)O)O)C(CCN)O)O)NCCN)O
CO/C(=C/C(N)=O)C(C)C(/C=C/c1csc(-c2csc(C(C)/C=C/C=C/C(C)C)n2)n1)OC,True,10972974.0,CC(C)C=CC=CC(C)C1=NC(=CS1)C2=NC(=CS2)C=CC(C(C)C(=CC(=O)N)OC)OC
CCCCC/C=C\C=C\C(=O)OC[C@@H]1O[C@@H](O[C@@H]2[C@@H](OC(=O)/C=C\C=C\C[C@H](O)/C(C)=C/C=C/CC[C@@H](C)CC)[C@@H](O)[C@@]3(OCc4cc(O)cc(O)c43)O[C@H]2CO)[C@H](O)[C@@H](O)[C@H]1O,True,6436198.0,CCC(C)CCC=CC=C(C)C(CC=CC=CC(=O)OC1C(C(OC2(C1O)C3=C(CO2)C=C(C=C3O)O)CO)OC4C(C(C(C(O4)COC(=O)C=CC=CC=CC(CC)O)O)O)O)O
Cc1cc(O)c2c(c1)O[C@@]1(C)CC[C@H]3C(C)(C)CCC[C@]34CO[C@@H]2[C@H]41,True,192160.0,CC1=CC(=C2C3C4C(CCC5C4(CCCC5(C)C)CO3)(OC2=C1)C)O
Clc1ccccc1C(c1ccc(-c2ccccc2)cc1)n1ccnc1,True,2812.0,C1=CC=C(C=C1)C(C2=CC=CC=C2)(C3=CC=CC=C3Cl)N4C=CN=C4
Clc1cc(-c2ccccc2)ccc1OCCCN1CCOCC1,True,193967.0,C1COCCN1CCCOC2=C(C=C(C=C2)C3=CC=CC=C3)Cl
C[C@H]1CC[C@]2(NC1)O[C@H]1C[C@H]3[C@@H]4CC[C@H]5C[C@@H](O[C@@H]6O[C@H](CO)[C@H](O[C@H]7O[C@H](CO)[C@@H](O)[C@H](O[C@@H]8OC[C@@H](O)[C@H](O)[C@H]8O)[C@H]7O[C@@H]7O[C@H](CO)[C@@H](O)[C@H](O)[C@H]7O)[C@H](O)[C@H]6O)CC[C@]5(C)[C@H]4CC[C@]3(C)[C@H]1[C@@H]2C,True,28523.0,CC1CCC2(C(C3C(O2)CC4C3(CCC5C4CCC6C5(CCC(C6)OC7C(C(C(C(O7)CO)OC8C(C(C(C(O8)CO)O)OC9C(C(C(CO9)O)O)O)OC2C(C(C(C(O2)CO)O)O)O)O)O)C)C)C)NC1
CC[C@H](C)C[C@H](C)CCCCCCCCC(=O)N[C@@H]1C[C@@H](O)[C@@H](O)NC(=O)[C@@H]2[C@@H](O)CCN2C(=O)[C@H]([C@H](O)CC(N)=O)NC(=O)[C@H]([C@H](O)[C@@H](O)c2ccc(O)cc2)NC(=O)[C@@H]2C[C@@H](O)CN2C(=O)[C@H]([C@@H](C)O)NC1=O,True,14315169.0,CCCCCCCCCCCCCCCC(=O)NC1CC(C(NC(=O)C2C(C(CN2C(=O)C(NC(=O)C(NC(=O)C3CC(CN3C(=O)C(NC1=O)C(C)O)O)C(C(C4=CC=C(C=C4)O)O)O)C(C)O)C)O)O)O
CCC(C)n1ncn(-c2ccc(N3CCN(c4ccc(OCC5COC(Cn6cncn6)(c6ccc(F)cc6F)O5)cc4)CC3)cc2)c1=O,True,122699331.0,CCC(C)N1C(=O)N(C=N1)C2=CC=C(C=C2)N3CCN(CC3)C4=CC=C(C=C4)OCC5COC(O5)(CN6C=NC=N6)C7=CC=CC=C7
Cc1ncsc1CCCCl,True,71667.0,CC1=C(SC=N1)CCCCl
CSC[C@H]1O[C@@H](n2cnc3c(N)ncnc32)[C@H](O)[C@H]1O,True,439176.0,CSCC1C(C(C(O1)N2C=NC3=C(N=CN=C32)N)O)O
CCCCCC(O)C1C(=O)OC(C)C(O)/C=C\C=C/C=C\C=C/C=C(/C)C(O)CC(O)CC(O)CC(O)CC(O)CC(O)CC1O,True,5282200.0,CCCCCC(C1C(CC(CC(CC(CC(CC(C(C(C(=CC=CC=CC=CC=CC(C(OC1=O)C)O)C)O)O)O)O)O)O)O)O)O
C[C@@H]([C@H](N)C(=O)N[C@@H](C(=O)O)[C@H]1O[C@@H](n2ccc(=O)[nH]c2=O)[C@H](O)[C@@H]1O)[C@H](O)c1ccc(O)cn1,True,456557.0,CC(C(C1=NC=C(C=C1)O)O)C(C(=O)NC(C2C(C(C(O2)N3C=CC(=O)NC3=O)O)O)C(=O)O)N
CNC1C(C)OC(O[C@H]2c3cc(C)c(C(=O)N[C@H](C)C(=O)O)c(O)c3-c3c(cc4c(c3O)C(=O)c3cc(OC)cc(O)c3C4=O)[C@@H]2O)C(O)C1OC1OCC(O)C(O)C1O,True,5479145.0,CC1C(C(C(C(O1)OC2C(C3=CC4=C(C(=C3C5=C2C=C(C(=C5O)C(=O)NC(C)C(=O)O)C)O)C(=O)C6=C(C4=O)C(=CC(=C6)OC)O)O)O)OC7C(C(C(CO7)O)O)O)NC
C[C@@H]1[C@H](O)[C@@H](C)/C=C/C=C/C=C/C=C/C=C/C=C/C=C/[C@H](O[C@@H]2O[C@H](C)[C@@H](O)C(N)[C@@H]2O)C[C@@H]2O[C@](O)(C[C@@H](O)C[C@@H](O)[C@H](O)CC[C@@H](O)C[C@@H](O)CC(=O)O[C@H]1C)C[C@H](O)[C@H]2C(=O)O,True,5280965.0,CC1C=CC=CC=CC=CC=CC=CC=CC(CC2C(C(CC(O2)(CC(CC(C(CCC(CC(CC(=O)OC(C(C1O)C)C)O)O)O)O)O)O)O)C(=O)O)OC3C(C(C(C(O3)C)O)N)O
Clc1ccc([C@@]2(Cn3cncn3)O[C@@H]2c2ccc(Cl)cc2Cl)cc1,True,10423229.0,C1C(O1)(CN2C=NC=N2)C3=C(C=C(C=C3)Cl)Cl
Clc1ccc([C@@]2(Cn3ccnc3)OC[C@H](COc3ccc(-c4ccccc4)cc3)O2)c(Cl)c1,True,13104852.0,C1C(OC(O1)(CCC2=CC=C(C=C2)Cl)CN3C=CN=C3)COC4=CC=C(C=C4)C5=CC=CC=C5
CC1/C=C\C(O)CC(O)CC(O)CC(O)CC(O)CC(O)CC(O)CC(O)C(C)C(O)C/C=C/C=C/C=C/C=C/C=C/C=C/C(=O)OC1,True,11353099.0,CC1CCC(C(C(OC(=O)C=CC=CC(C(CC(C=CC(C(C(C1)C)O)C)O)O)C)C(C)C=CC=C)C)O
CCC(C=CC1OC(=O)C=CC1C)=CC(C)CC=CC(C)=CC(C)C(=O)C(C)C(O)C(C)CC(C)=CC(=O)O,True,6917907.0,CCC(=CC(C)CC=CC(=CC(C)C(=O)C(C)C(C(C)CC(=CC(=O)O)C)O)C)C=CC1C(C=CC(=O)O1)C
O=CC(n1cncn1)C(O)(Cn1cncn1)c1ccc(F)cc1F,False,,None
C[C@@H]1C[C@H]2O[C@@H]2/C=C/C=C\C(=O)Cc2c(Cl)c(O)cc(O)c2C(=O)O1,True,6323491.0,CC1CC2C(O2)C=CC=CC(=O)CC3=C(C(=CC(=C3Cl)O)O)C(=O)O1
CC[C@@H](C)[C@H]1OC(=O)[C@H](C(C)(C)O)N(C)C(=O)[C@H](CC(C)C)NC(=O)[C@H](C(C)C)N(C)C(=O)[C@H]([C@@H](C)CC)NC(=O)[C@@H]2CCCN2C(=O)[C@H](Cc2ccccc2)N(C)C(=O)[C@H](Cc2ccccc2)NC(=O)[C@H](C(C)C)N(C)C1=O,True,9919816.0,CCC(C)C1C(=O)N(C(C(=O)NC(C(=O)N(C(C(=O)OC(C(=O)N(C(C(=O)NC(C(=O)N(C(C(=O)N2CCCC2C(=O)N1)CC3=CC=CC=C3)C)CC4=CC=CC=C4)C(C)C)C)C(C)CC)C(C)(C)O)C)CC(C)C)C(C)C)C
COC(=O)C1C(O)CC2(O)CC(O)CC(O)CC(O)CC(O)CC(=O)CC(O)CC(=O)OC(C(C)CCC(O)CC(=O)c3ccc(N)cc3)C(C)C=CC=CC=CC=CC=CC=CC=CC(OC3OC(C)C(O)C(N)C3O)CC1O2,True,10079874.0,CC1C=CC=CC=CC=CC=CC=CC=CC(CC(C(C(CC(=O)CC(CC(CC(CC(=O)CCCC(=O)CC(=O)OC1C(C)CC(C)C(CC(=O)C2=CC=C(C=C2)N)O)O)O)O)O)C(=O)O)O)OC3C(C(C(C(O3)C)O)N)O
CCCCC1C/C=C\C=C\C=C\C=C\[C@H](O[C@@H]2O[C@H](C)[C@@H](O)[C@H](N)[C@@H]2O)C[C@@H]2O[C@](O)(C[C@@H](O)C[C@H]3O[C@@H]3/C=C\C(=O)O1)C[C@H](O)[C@H]2C(=O)O,True,5284447.0,CC1CC=CC=CC=CC=CC(CC2C(C(CC(O2)(CC(CC3C(O3)C=CC(=O)O1)O)O)O)C(=O)O)OC4C(C(C(C(O4)C)O)N)O
CCC(C)CC(C)CCCCCCCCC(=O)N[C@@H]1C[C@@H](O)[C@@H](O)NC(=O)[C@@H]2[C@@H](O)[C@@H](O)CN2C(=O)[C@H]([C@H](O)CC(N)=O)NC(=O)[C@H]([C@H](O)[C@@H](O)c2ccc(O)cc2)NC(=O)[C@@H]2C[C@@H](O)CN2C(=O)[C@H]([C@@H](C)O)NC1=O,True,14315169.0,CCCCCCCCCCCCCCCC(=O)NC1CC(C(NC(=O)C2C(C(CN2C(=O)C(NC(=O)C(NC(=O)C3CC(CN3C(=O)C(NC1=O)C(C)O)O)C(C(C4=CC=C(C=C4)O)O)O)C(C)O)C)O)O)O
Clc1ccc(COC(CC2C=NC=N2)c2ccc(Cl)cc2Cl)cc1,True,33745.0,C1=CC(=CC=C1COC(CC2C=NC=N2)C3=C(C=C(C=C3)Cl)Cl)Cl
CCC(=C/C(C)C/C=C/C(C)=C/C(C)C(=O)C(C)C(O)C(C)C/C(C)=C/C(=O)O)/C=C/C1OC(=O)C=CC1C,True,6917907.0,CCC(=CC(C)CC=CC(=CC(C)C(=O)C(C)C(C(C)CC(=CC(=O)O)C)O)C)C=CC1C(C=CC(=O)O1)C
CCC(C)[C@H]1OC(=O)[C@H](C(C)(C)O)N(C)C(=O)[C@H](CC(C)C)NC(=O)[C@H](C(C)C)N(C)C(=O)[C@H]([C@@H](C)CC)NC(=O)[C@@H]2CCCN2C(=O)[C@H](Cc2ccccc2)N(C)C(=O)[C@H](Cc2ccccc2)NC(=O)[C@H](C(C)C)N(C)C1=O,True,9919816.0,CCC(C)C1C(=O)N(C(C(=O)NC(C(=O)N(C(C(=O)OC(C(=O)N(C(C(=O)NC(C(=O)N(C(C(=O)N2CCCC2C(=O)N1)CC3=CC=CC=C3)C)CC4=CC=CC=C4)C(C)C)C)C(C)CC)C(C)(C)O)C)CC(C)C)C(C)C)C
Clc1ccc(OCCCOC(Cn2ccnc2)c2ccc(Cl)cc2Cl)cc1,True,3054941.0,C1=CC(=CC=C1OCCCCOC(CN2C=CN=C2)C3=C(C=C(C=C3)Cl)Cl)Cl.[N+](=O)(O)[O-]
CC1C=CC=CC=CC=CC=CC=CC=CC(OC2OC(C)C(O)C(N)C2O)CC(O)C(C(=O)O)C(O)CC(=O)CC(O)CC(O)CC(O)CC(=O)CCCC(=O)CC(=O)OC1C(C)CC(C)C(O)CC(=O)c1ccc(N)cc1,True,10079874.0,CC1C=CC=CC=CC=CC=CC=CC=CC(CC(C(C(CC(=O)CC(CC(CC(CC(=O)CCCC(=O)CC(=O)OC1C(C)CC(C)C(CC(=O)C2=CC=C(C=C2)N)O)O)O)O)O)C(=O)O)O)OC3C(C(C(C(O3)C)O)N)O
C[C@@H]([C@H]([NH3+])C(=O)N[C@H](C(=O)[O-])[C@H]1O[C@@H](n2ccc(=O)[nH]c2=O)[C@H](O)[C@@H]1O)[C@H](O)c1ccc(O)cn1,True,456557.0,CC(C(C1=NC=C(C=C1)O)O)C(C(=O)NC(C2C(C(C(O2)N3C=CC(=O)NC3=O)O)O)C(=O)O)N
CN(C(=S)Sc1nc2ccccc2o1)c1cccc2ccccc12,True,164524.0,CN(C1=CC=CC2=CC=CC=C21)C(=S)SC3=NC4=CC=CC=C4O3
CNc1ccc(C(=O)CC(O)CC[C@H](C)[C@H]2OC(=O)C[C@H](O)CC(=O)C[C@H](O)C[C@H](O)C[C@H](O)C[C@H](O)C[C@]3(O)C[C@H](O)[C@@H](C(=O)NCCN(C)C)[C@H](C[C@@H](O[C@@H]4O[C@H](C)[C@@H](O)[C@H](NC(=O)CN(C)C)[C@@H]4O)/C=C/C=C/C=C/C=C/C=C/C=C/C=C/[C@@H]2C)O3)cc1,True,42622571.0,CC1C=CC=CC=CC=CC=CC=CC=CC(CC2C(C(CC(O2)(CC(CC(CC(CC(CC(=O)CC(CC(=O)OC1C(C)CCC(CC(=O)C3=CC=C(C=C3)NC)O)O)O)O)O)O)O)O)C(=O)NCCN(C)C)OC4C(C(C(C(O4)C)O)NC(=O)CN(C)C)O.C(C(C(=O)O)N)C(=O)O.C(C(C(=O)O)N)C(=O)O
CCCCC1C/C=C/C=C/C=C/C=C/C(OC2OC(C)C(O)C(N)C2O)CC2OC(O)(CC(O)CC3OC3/C=C/C(=O)O1)CC(O)C2C(=O)O,True,5284447.0,CC1CC=CC=CC=CC=CC(CC2C(C(CC(O2)(CC(CC3C(O3)C=CC(=O)O1)O)O)O)C(=O)O)OC4C(C(C(C(O4)C)O)N)O
C/C=C/C[C@@H](C)[C@@H](O)[C@H]1C(=O)N[C@@H](CC)C(=O)N(C)CC(=O)N(C)[C@@H](CC(C)C)C(=O)N[C@@H](C(C)C)C(=O)N(C)[C@@H](CC(C)C)C(=O)N[C@@H](C)C(=O)N[C@H](C)C(=O)N(C)[C@H](CC(C)C)C(=O)N(C)[C@@H](CC(C)C)C(=O)N(C)[C@@H](C(C)C)C(=O)N1C,True,5284373.0,CCC1C(=O)N(CC(=O)N(C(C(=O)NC(C(=O)N(C(C(=O)NC(C(=O)NC(C(=O)N(C(C(=O)N(C(C(=O)N(C(C(=O)N(C(C(=O)N1)C(C(C)CC=CC)O)C)C(C)C)C)CC(C)C)C)CC(C)C)C)C)C)CC(C)C)C)C(C)C)CC(C)C)C)C
C/C=C/C[C@@H](C)[C@@H](O)[C@H]1C(=O)N[C@@H](CC)C(=O)N(C)CC(=O)N(C)[C@@H](CC(C)C)C(=O)NC(C(C)C)C(=O)N(C)[C@@H](CC(C)C)C(=O)N[C@@H](C)C(=O)N[C@H](C)C(=O)N(C)[C@@H](CC(C)C)C(=O)N(C)[C@@H](CC(C)C)C(=O)N(C)[C@@H](C(C)C)C(=O)N1C,True,5284373.0,CCC1C(=O)N(CC(=O)N(C(C(=O)NC(C(=O)N(C(C(=O)NC(C(=O)NC(C(=O)N(C(C(=O)N(C(C(=O)N(C(C(=O)N(C(C(=O)N1)C(C(C)CC=CC)O)C)C(C)C)C)CC(C)C)C)CC(C)C)C)C)C)CC(C)C)C)C(C)C)CC(C)C)C)C
CC(C(N)C(=O)NC(C(=O)O)[C@H]1O[C@@H](n2ccc(=O)[nH]c2=O)[C@H](O)[C@@H]1O)C(O)c1ccc(O)cn1,True,456557.0,CC(C(C1=NC=C(C=C1)O)O)C(C(=O)NC(C2C(C(C(O2)N3C=CC(=O)NC3=O)O)O)C(=O)O)N
COc1ccc(C[C@@H]2NC(=O)/C=C/CC([C@H](C)[C@H]3O[C@@H]3c3ccccc3)OC(=O)[C@H](CC(C)C)OC(=O)[C@H](C)CNC2=O)cc1Cl,True,9939639.0,CC(C)CC1C(=O)OC(CC=CC(=O)NC(C(=O)NCC(C(=O)O1)(C)C)CC2=CC(=C(C=C2)OC)Cl)C(C)C3C(O3)C4=CC=CC=C4
Brc1ccc(C(Cn2ccnc2)c2ccccc2)cc1,True,3006845.0,CCCCC(CN1C=CN=C1)C2=CC=C(C=C2)Br
C[C@H]1CCC2(NC1)O[C@H]1C[C@H]3[C@@H]4CC[C@H]5C[C@@H](O[C@@H]6O[C@H](CO)[C@H](O[C@@H]7O[C@H](CO)[C@@H](O)[C@H](O[C@@H]8OC[C@@H](O)[C@H](O)[C@H]8O)[C@H]7O[C@@H]7O[C@H](CO)[C@@H](O)[C@H](O)[C@H]7O)[C@H](O)[C@H]6O)CC[C@]5(C)[C@H]4CC[C@]3(C)[C@H]1[C@@H]2C,True,28523.0,CC1CCC2(C(C3C(O2)CC4C3(CCC5C4CCC6C5(CCC(C6)OC7C(C(C(C(O7)CO)OC8C(C(C(C(O8)CO)O)OC9C(C(C(CO9)O)O)O)OC2C(C(C(C(O2)CO)O)O)O)O)O)C)C)C)NC1
CN(CCC(N)CC(=O)N[C@H]1C=CC(n2ccc(N)nc2=O)O[C@@H]1C(=O)O)C(=N)N,True,170012.0,CN(CCC(CC(=O)NC1C=CC(OC1C(=O)O)N2C=CC(=NC2=O)N)N)C(=N)N
CCC(C)CCCCCCCCCCC(=O)NC1CC(O)C(O)NC(=O)C2C(O)C(C)CN2C(=O)C(CO)NC(=O)C(C(O)C(O)c2ccc(O)cc2)NC(=O)C2CC(O)CN2C(=O)C(C(C)O)NC1=O,True,14315169.0,CCCCCCCCCCCCCCCC(=O)NC1CC(C(NC(=O)C2C(C(CN2C(=O)C(NC(=O)C(NC(=O)C3CC(CN3C(=O)C(NC1=O)C(C)O)O)C(C(C4=CC=C(C=C4)O)O)O)C(C)O)C)O)O)O
C[C@H]1[C@H](O)[C@@H](C)C=CC=CC=CC=CC=CC=CC=C[C@H](O[C@@H]2O[C@@H](C)[C@H](O)[C@@H](N)[C@@H]2O)C[C@@H]2O[C@](O)(C[C@@H](O)C[C@@H](O)[C@@H](O)CC[C@@H](O)C[C@@H](O)CC(=O)O[C@H]1C)C[C@H](O)[C@H]2C(=O)O,True,5280965.0,CC1C=CC=CC=CC=CC=CC=CC=CC(CC2C(C(CC(O2)(CC(CC(C(CCC(CC(CC(=O)OC(C(C1O)C)C)O)O)O)O)O)O)O)C(=O)O)OC3C(C(C(C(O3)C)O)N)O
CCC(C)n1ncn(-c2ccc(N3CCN(c4ccc(OCC5CO[C@](Cn6cncn6)(c6ccc(F)cc6F)O5)cc4)CC3)cc2)c1=O,True,122699331.0,CCC(C)N1C(=O)N(C=N1)C2=CC=C(C=C2)N3CCN(CC3)C4=CC=C(C=C4)OCC5COC(O5)(CN6C=NC=N6)C7=CC=CC=C7
C[C@@H]1CCC/C=C/[C@H]2C[C@@H](O)C[C@@H]2[C@@H](O)/C=C\C(=O)O1,True,5287620.0,CC1CCCC=CC2CC(CC2C(C=CC(=O)O1)O)O
COc1cc(C[C@@H](O)[C@@H]2NC(=O)[C@@H]3C[C@@H](O)CN3C(=O)[C@H]([C@@H](C)O)NC(=O)[C@@H](NCC3CCC(C(=N)SC(=N)c4ccc(N5CCC(OC)(C6CCCCC6)CC5)cc4)CC3)C[C@@H](O)CNC(=O)C3[C@@H](O)[C@@H](C)CN3C(=O)[C@H]([C@H](O)CCNC(CO)CO)NC2=O)ccc1O,False,,None
C[C@H]1CCC2(NC1)O[C@H]1C[C@H]3[C@@H]4CC[C@H]5C[C@@H](O[C@@H]6O[C@H](CO)[C@H](O[C@@H]7O[C@H](CO)[C@H](O)[C@H](O[C@@H]8OC[C@@H](O)[C@H](O)[C@H]8O)[C@H]7O[C@@H]7O[C@H](CO)[C@@H](O)[C@H](O)[C@H]7O)[C@H](O)[C@H]6O)CC[C@]5(C)[C@H]4CC[C@]3(C)[C@H]1[C@@H]2C,True,28523.0,CC1CCC2(C(C3C(O2)CC4C3(CCC5C4CCC6C5(CCC(C6)OC7C(C(C(C(O7)CO)OC8C(C(C(C(O8)CO)O)OC9C(C(C(CO9)O)O)O)OC2C(C(C(C(O2)CO)O)O)O)O)O)C)C)C)NC1
CN1C(C(=O)O)CSC1C1CSC(c2ccccc2O)=N1,True,5287441.0,CN1C(CSC1C2CSC(=N2)C3=CC=CC=C3O)C(=O)O
C=CCNc1nc(C(=O)N/N=C/C=C/c2ccc([N+](=O)[O-])o2)cs1,True,3047791.0,C=CCNC1=NC(=CS1)C(=O)NN=CC=CC2=CC=C(O2)[N+](=O)[O-]
CCC(C)CC(C)CCCCCCCCC(=O)NC1CC(O)C(O)NC(=O)C2CC(O)CN2C(=O)C(C(O)CC(N)=O)NC(=O)C(C(O)C(O)c2ccc(O)cc2)NC(=O)C2CC(O)CN2C(=O)C(C(C)O)NC1=O,True,14315169.0,CCCCCCCCCCCCCCCC(=O)NC1CC(C(NC(=O)C2C(C(CN2C(=O)C(NC(=O)C(NC(=O)C3CC(CN3C(=O)C(NC1=O)C(C)O)O)C(C(C4=CC=C(C=C4)O)O)O)C(C)O)C)O)O)O
CNc1ccc(C(=O)CC(O)CCC(C)C2OC(=O)CC(O)CC(=O)CC(O)CC(O)CC(O)CC(O)CC3(O)CC(O)C(C(=O)OC)C(CC(O[C@@H]4O[C@H](C)[C@@H](O)[C@H](N)[C@@H]4O)/C=C/C=C/C=C/C=C\C=C/C=C/C=C/C2C)O3)cc1,True,11981152.0,CC1C=CC=CC=CC=CC=CC=CC=CC(CC2C(C(CC(O2)(CC(CC(CC(CC(CC(=O)CC(CC(=O)OC1C(C)CCC(CC(=O)C3=CC=C(C=C3)N)O)O)O)O)O)O)O)O)C(=O)OC)OC4C(C(C(C(O4)C)O)N)O.CC1C=CC=CC=CC=CC=CC=CC=CC(CC2C(C(CC(O2)(CC(CC(CC(CC(CC(=O)CC(CC(=O)OC1C(C)CCC(CC(=O)C3=CC=C(C=C3)NC)O)O)O)O)O)O)O)O)C(=O)OC)OC4C(C(C(C(O4)C)O)N)O
CC[C@H](C)C[C@H](C)CCCCCCCCC(=O)NC1C[C@@H](O)[C@@H](NCCN)NC(=O)[C@@H]2[C@@H](O)CCN2C(=O)[C@H]([C@H](O)CCN)NC(=O)[C@H]([C@H](O)[C@@H](O)c2ccc(O)cc2)NC(=O)[C@@H]2C[C@@H](O)CN2C(=O)[C@H]([C@@H](C)O)NC1=O,True,16119814.0,CCC(C)CC(C)CCCCCCCCC(=O)NC1CC(C(NC(=O)C2C(CCN2C(=O)C(NC(=O)C(NC(=O)C3CC(CN3C(=O)C(NC1=O)C(C)O)O)C(C(C4=CC=C(C=C4)O)O)O)C(CCN)O)O)NCCN)O
C[C@@H]1C[C@@H]2O[C@H]2/C=C/C=C/C(=NO)Cc2c(Cl)c(O)cc(O)c2C(=O)O1,True,44319143.0,CC1CC2C(O2)C=CC=CC(=NO)CC3=C(C(=CC(=C3Cl)O)O)C(=O)O1
O=C1NCC(=O)N2CCC[C@H]2C(=O)N[C@@H](Cc2c[nH]c3ccccc23)C(=O)N2CCC[C@H]2C(=O)N[C@@H](Cc2ccc(O)cc2)C(=O)N[C@H]1Cc1ccccc1,True,5311080.0,C1CC(N(C1)C(=O)C(CC2=CC=C(C=C2)O)N)C(=O)NC(CC3=CNC4=CC=CC=C43)C(=O)NC(CC5=CC=CC=C5)C(=O)N
CCC(C)CC(C)CCCCCCCCC(=O)N[C@@H]1CC(O)C(O)NC(=O)[C@@H]2C(O)C(C)CN2C(=O)[C@H](C(O)CC(N)=O)NC(=O)[C@H](C(O)C(O)c2ccc(O)cc2)NC(=O)[C@@H]2CC(O)CN2C(=O)[C@H](C(C)O)NC1=O,True,14315169.0,CCCCCCCCCCCCCCCC(=O)NC1CC(C(NC(=O)C2C(C(CN2C(=O)C(NC(=O)C(NC(=O)C3CC(CN3C(=O)C(NC1=O)C(C)O)O)C(C(C4=CC=C(C=C4)O)O)O)C(C)O)C)O)O)O
CO/C=C(C(=O)OC)/C(C)=C/C=C\c1ccccc1,True,6437379.0,CC(=CC=CC1=CC=CC=C1)C(=COC)C(=O)OC
CCCCC/C=C/C/C=C/CCCCCCCC(=O)N[C@H]1C[C@@H](O)[C@@H](O)NC(=O)[C@@H]2[C@@H](O)[C@@H](C)CN2C(=O)[C@H]([C@@H](C)O)NC(=O)[C@H]([C@H](O)Cc2ccc(O)cc2)NC(=O)[C@@H]2C[C@@H](O)CN2C(=O)[C@H]([C@@H](C)O)NC1=O,True,14315169.0,CCCCCCCCCCCCCCCC(=O)NC1CC(C(NC(=O)C2C(C(CN2C(=O)C(NC(=O)C(NC(=O)C3CC(CN3C(=O)C(NC1=O)C(C)O)O)C(C(C4=CC=C(C=C4)O)O)O)C(C)O)C)O)O)O
CO/C1=C/C(C)=C/[C@@H](C)[C@@H](O)[C@@H](C)C/C(C)=C/C=C/[C@H](OC)[C@@H]([C@@H](C)[C@@H](O)[C@H](C)[C@@]2(O)C[C@@H](O)[C@H](C)[C@@H](C(C)C)O2)OC1=O,True,6436223.0,CC1CC(=CC=CC(C(OC(=O)C(=CC(=CC(C1O)C)C)OC)C(C)C(C(C)C2(CC(C(C(O2)C(C)C)C)O)O)O)OC)C
CNc1ccc(C(=O)CC(O)CCC(C)C2OC(=O)CC(O)CC(=O)CC(O)CC(O)CC(O)CC(O)CC3(O)CC(O)C(C(=O)OC)C(CC(OC4OC(C)C(O)C(N)C4O)C=CC=CC=CC=CC=CC=CC=CC2C)O3)cc1,True,11981152.0,CC1C=CC=CC=CC=CC=CC=CC=CC(CC2C(C(CC(O2)(CC(CC(CC(CC(CC(=O)CC(CC(=O)OC1C(C)CCC(CC(=O)C3=CC=C(C=C3)N)O)O)O)O)O)O)O)O)C(=O)OC)OC4C(C(C(C(O4)C)O)N)O.CC1C=CC=CC=CC=CC=CC=CC=CC(CC2C(C(CC(O2)(CC(CC(CC(CC(CC(=O)CC(CC(=O)OC1C(C)CCC(CC(=O)C3=CC=C(C=C3)NC)O)O)O)O)O)O)O)O)C(=O)OC)OC4C(C(C(C(O4)C)O)N)O
C/C=C/C[C@H](C)C(O)C1C(=O)N[C@H](CC)C(=O)N(C)CC(=O)N(C)[C@H](CC(C)C)C(=O)N[C@H](C(C)C)C(=O)N(C)[C@H](CC(C)C)C(=O)N[C@H](C)C(=O)NC(C)C(=O)N(C)[C@H](CC(C)C)C(=O)N(C)[C@H](CC(C)C)C(=O)N(C)[C@H](C(C)C)C(=O)N1C,True,5284373.0,CCC1C(=O)N(CC(=O)N(C(C(=O)NC(C(=O)N(C(C(=O)NC(C(=O)NC(C(=O)N(C(C(=O)N(C(C(=O)N(C(C(=O)N(C(C(=O)N1)C(C(C)CC=CC)O)C)C(C)C)C)CC(C)C)C)CC(C)C)C)C)C)CC(C)C)C)C(C)C)CC(C)C)C)C
CO/C1=C\C(C)=C/[C@@H](C)[C@@H](O)[C@@H](C)C/C(C)=C/C=C/[C@H](OC)[C@@H]([C@@H](C)[C@@H](O)[C@H](C)[C@@]2(O)C[C@@H](O)[C@H](C)[C@@H](C(C)C)O2)OC1=O,True,6436223.0,CC1CC(=CC=CC(C(OC(=O)C(=CC(=CC(C1O)C)C)OC)C(C)C(C(C)C2(CC(C(C(O2)C(C)C)C)O)O)O)OC)C
C[C@@H]1C[C@@H]2O[C@@H]2/C=C\C=C\C(=O)Cc2c(Cl)c(O)cc(O)c2C(=O)O1,True,6323491.0,CC1CC2C(O2)C=CC=CC(=O)CC3=C(C(=CC(=C3Cl)O)O)C(=O)O1
CO/C1=C\C(C)=C\[C@@H](C)[C@@H](O)[C@@H](C)C/C(C)=C/C=C\[C@H](OC)C([C@@H](C)[C@@H](O)[C@H](C)[C@@]2(O)C[C@@H](O)[C@H](C)[C@@H](C(C)C)O2)OC1=O,True,6436223.0,CC1CC(=CC=CC(C(OC(=O)C(=CC(=CC(C1O)C)C)OC)C(C)C(C(C)C2(CC(C(C(O2)C(C)C)C)O)O)O)OC)C
C/C=C/C[C@@H](C)[C@H](O)[C@H]1C(=O)N[C@@H](CC)C(=O)N(C)CC(=O)N(C)[C@@H](CC(C)C)C(=O)N[C@@H](C(C)C)C(=O)N(C)[C@@H](CC(C)C)C(=O)N[C@@H](C)C(=O)N[C@H](C)C(=O)N(C)[C@@H](CC(C)C)C(=O)N(C)[C@@H](CC(C)C)C(=O)N(C)[C@@H](C(C)C)C(=O)N1C,True,5284373.0,CCC1C(=O)N(CC(=O)N(C(C(=O)NC(C(=O)N(C(C(=O)NC(C(=O)NC(C(=O)N(C(C(=O)N(C(C(=O)N(C(C(=O)N(C(C(=O)N1)C(C(C)CC=CC)O)C)C(C)C)C)CC(C)C)C)CC(C)C)C)C)C)CC(C)C)C)C(C)C)CC(C)C)C)C
CCC(C)CC(C)CCCCCCCCC(=O)NC1C[C@@H](O)[C@@H](NCCN)NC(=O)[C@@H]2[C@@H](O)CCN2C(=O)[C@H]([C@H](O)CCN)NC(=O)[C@H]([C@H](O)[C@@H](O)c2ccc(O)cc2)NC(=O)[C@@H]2C[C@@H](O)CN2C(=O)C([C@@H](C)O)NC1=O,True,16119814.0,CCC(C)CC(C)CCCCCCCCC(=O)NC1CC(C(NC(=O)C2C(CCN2C(=O)C(NC(=O)C(NC(=O)C3CC(CN3C(=O)C(NC1=O)C(C)O)O)C(C(C4=CC=C(C=C4)O)O)O)C(CCN)O)O)NCCN)O
CCCCC/C=C/C/C=C/CCCCCCCC(=O)N[C@H]1C[C@@H](O)[C@@H](O)NC(=O)[C@@H]2[C@@H](O)[C@@H](C)CN2C(=O)[C@H]([C@@H](C)O)NC(=O)[C@H]([C@H](O)[C@@H](O)c2ccc(O)cc2)NC(=O)[C@@H]2C[C@H](O)CN2C(=O)[C@H]([C@@H](C)O)NC1=O,True,14315169.0,CCCCCCCCCCCCCCCC(=O)NC1CC(C(NC(=O)C2C(C(CN2C(=O)C(NC(=O)C(NC(=O)C3CC(CN3C(=O)C(NC1=O)C(C)O)O)C(C(C4=CC=C(C=C4)O)O)O)C(C)O)C)O)O)O
CC1CC2OC2/C=C/C=C/C(=O)Cc2c(Cl)c(O)cc(O)c2C(=O)O1,True,6323491.0,CC1CC2C(O2)C=CC=CC(=O)CC3=C(C(=CC(=C3Cl)O)O)C(=O)O1
Cc1ccc(C=Nn2c(-c3ccccc3)csc2=S)cc1,True,9568078.0,CC1=CC=C(C=C1)C=NN2C(=CSC2=S)C3=CC=CC=C3
CCC(C)CC(C)CCCCCCCCC(=O)N[C@H]1C[C@@H](O)[C@@H](O)NC(=O)[C@@H]2C[C@@H](O)CN2C(=O)[C@H]([C@H](O)CC(N)=O)NC(=O)[C@H]([C@H](O)[C@@H](O)c2ccc(O)cc2)NC(=O)[C@@H]2C[C@@H](O)CN2C(=O)[C@H]([C@@H](C)O)NC1=O,True,14315169.0,CCCCCCCCCCCCCCCC(=O)NC1CC(C(NC(=O)C2C(C(CN2C(=O)C(NC(=O)C(NC(=O)C3CC(CN3C(=O)C(NC1=O)C(C)O)O)C(C(C4=CC=C(C=C4)O)O)O)C(C)O)C)O)O)O
CCCCCCCCOc1ccc(C(=O)NC2CC(O)C(O)NC(=O)C3C(O)C(C)CN3C(=O)C(C(C)O)NC(=O)C(C(O)C(O)c3ccc(O)cc3)NC(=O)C3CC(O)CN3C(=O)C(C(C)O)NC2=O)cc1,True,6918120.0,CCCCCCCCOC1=CC=C(C=C1)C(=O)NC2CC(C(NC(=O)C3C(C(CN3C(=O)C(NC(=O)C(NC(=O)C4CC(CN4C(=O)C(NC2=O)C(C)O)O)C(C(C5=CC=C(C=C5)O)O)O)C(C)O)C)O)O)O
CCCCCCCCCCCCC[C@@H]1CC(=O)N[C@@H]([C@@H](C)O)C(=O)N[C@@H](C)C(=O)N[C@@H](Cc2ccc(O)cc2)C(=O)N[C@@H](C(C)C)C(=O)N2C[C@H](O)C[C@H]2C(=O)N[C@H]([C@H](C)O)C(=O)N[C@@H]([C@H](C)O)C(=O)N2CC[C@H](O)[C@H]2C(=O)N[C@@H]([C@H](O)CC(N)=O)C(=O)NCC(=O)N[C@H]([C@@H](C)O)C(=O)N[C@@H](CCCN)C(=O)O1,True,485154.0,CCCCCCCCCCCCCC1CC(=O)NC(C(=O)NC(C(=O)NC(C(=O)NC(C(=O)N2CC(CC2C(=O)NC(C(=O)NC(C(=O)N3CCC(C3C(=O)NC(C(=O)NCC(=O)NC(C(=O)NC(C(=O)O1)CCCN)C(C)O)C(CC(=O)N)O)O)C(C)O)C(C)O)O)C(C)C)CC4=CC=C(C=C4)O)C)C(C)O
CC[C@H](C)C[C@H](C)CCCCCCCCC(=O)N[C@H]1C[C@@H](O)[C@@H](O)NC(=O)[C@@H]2[C@@H](O)CCN2C(=O)[C@H]([C@H](O)CC(N)=O)NC(=O)[C@H]([C@H](O)[C@@H](O)c2ccc(O)cc2)NC(=O)[C@@H]2C[C@@H](O)CN2C(=O)[C@@H]([C@@H](C)O)NC1=O,True,14315169.0,CCCCCCCCCCCCCCCC(=O)NC1CC(C(NC(=O)C2C(C(CN2C(=O)C(NC(=O)C(NC(=O)C3CC(CN3C(=O)C(NC1=O)C(C)O)O)C(C(C4=CC=C(C=C4)O)O)O)C(C)O)C)O)O)O
CNc1ccc(C(=O)CC(O)CCC(C)C2OC(=O)CC(O)CC(=O)CC(O)CC(O)CC(O)CC(O)CC3(O)CC(O)C(C(=O)OC)C(CC(OC4OC(C)C(O)C(N)C4O)/C=C\C=C\C=C\C=C\C=C\C=C\C=C/C2C)O3)cc1,True,11981152.0,CC1C=CC=CC=CC=CC=CC=CC=CC(CC2C(C(CC(O2)(CC(CC(CC(CC(CC(=O)CC(CC(=O)OC1C(C)CCC(CC(=O)C3=CC=C(C=C3)N)O)O)O)O)O)O)O)O)C(=O)OC)OC4C(C(C(C(O4)C)O)N)O.CC1C=CC=CC=CC=CC=CC=CC=CC(CC2C(C(CC(O2)(CC(CC(CC(CC(CC(=O)CC(CC(=O)OC1C(C)CCC(CC(=O)C3=CC=C(C=C3)NC)O)O)O)O)O)O)O)O)C(=O)OC)OC4C(C(C(C(O4)C)O)N)O
COC1=CC(C)=CC(C)C(O)C(C)CC(C)=CC=CC(OC)C(C(C)C(O)C(C)[C@@]2(O)CC(O)C(C)C(C(C)C)O2)OC1=O,True,6436223.0,CC1CC(=CC=CC(C(OC(=O)C(=CC(=CC(C1O)C)C)OC)C(C)C(C(C)C2(CC(C(C(O2)C(C)C)C)O)O)O)OC)C
C[C@H]1CCC/C=C/[C@@H]2C[C@H](O)C[C@H]2[C@H](O)C=CC(=O)O1,True,5287620.0,CC1CCCC=CC2CC(CC2C(C=CC(=O)O1)O)O
CCC(=C/[C@H](C)C/C=C/C(C)=C/[C@@H](C)C(=O)[C@@H](C)[C@H](O)[C@@H](C)C/C(C)=C/C(=O)O)/C=C/[C@H]1OC(=O)C=C[C@H]1C,True,6917907.0,CCC(=CC(C)CC=CC(=CC(C)C(=O)C(C)C(C(C)CC(=CC(=O)O)C)O)C)C=CC1C(C=CC(=O)O1)C
CO/C1=C\C(C)=C/[C@@H](C)[C@@H](O)[C@@H](C)C/C(C)=C/C=C/C(OC)[C@@H]([C@@H](C)C(O)C(C)[C@@]2(O)C[C@@H](O)[C@H](C)[C@@H](C(C)C)O2)OC1=O,True,6436223.0,CC1CC(=CC=CC(C(OC(=O)C(=CC(=CC(C1O)C)C)OC)C(C)C(C(C)C2(CC(C(C(O2)C(C)C)C)O)O)O)OC)C
COc1ccc(CC2NC(=O)/C=C\CC(C(C)C3OC3c3ccccc3)OC(=O)C(CC(C)C)OC(=O)C(C)CNC2=O)cc1Cl,True,9939639.0,CC(C)CC1C(=O)OC(CC=CC(=O)NC(C(=O)NCC(C(=O)O1)(C)C)CC2=CC(=C(C=C2)OC)Cl)C(C)C3C(O3)C4=CC=CC=C4
CO/C1=C\C(C)=C/C(C)C(O)C(C)C/C(C)=C\C=C\C(OC)C(C(C)C(O)C(C)C2(O)CC(O)C(C)C(C(C)C)O2)OC1=O,True,6436223.0,CC1CC(=CC=CC(C(OC(=O)C(=CC(=CC(C1O)C)C)OC)C(C)C(C(C)C2(CC(C(C(O2)C(C)C)C)O)O)O)OC)C
CO/C1=C/C(C)=C/[C@@H](C)[C@@H](O)[C@@H](C)C/C(C)=C\C=CC(OC)[C@@H]([C@@H](C)[C@@H](O)[C@H](C)[C@@]2(O)C[C@@H](O)[C@H](C)[C@@H](C(C)C)O2)OC1=O,True,6436223.0,CC1CC(=CC=CC(C(OC(=O)C(=CC(=CC(C1O)C)C)OC)C(C)C(C(C)C2(CC(C(C(O2)C(C)C)C)O)O)O)OC)C
CCC(=O)[C@@H](C)[C@@H](O)[C@H](C)C[C@@H](C)[C@H]1OC(=O)C[C@@]2(O)CC=C(C)[C@H](O2)/C(C)=C\CCC[C@@H](O[C@H]2C[C@@H](OC(N)=O)[C@H](O)[C@@H](C)O2)/C=C\[C@H](C)C[C@H]1C,True,10055855.0,CCC(=O)C(C)C(C(C)CC(C)C1C(CC(C=CC(CCCC=C(C2C(=CCC(O2)(CC(=O)O1)O)C)C)OC3CC(C(C(O3)C)O)OC(=O)N)C)C)O
CCC(=O)C(C)C(O)C(C)CC(C)C1OC(=O)C[C@@]2(O)CC=C(C)C(O2)C(C)=CCCCC(OC2CC(OC(N)=O)C(O)C(C)O2)C=CC(C)CC1C,True,10055855.0,CCC(=O)C(C)C(C(C)CC(C)C1C(CC(C=CC(CCCC=C(C2C(=CCC(O2)(CC(=O)O1)O)C)C)OC3CC(C(C(O3)C)O)OC(=O)N)C)C)O
CCC(/C=C\[C@@H]1OC(=O)C=C[C@@H]1C)=C/C(C)C/C=C/C(C)=C\[C@@H](C)C(=O)[C@@H](C)[C@H](O)[C@@H](C)C/C(C)=C/C(=O)O,True,6917907.0,CCC(=CC(C)CC=CC(=CC(C)C(=O)C(C)C(C(C)CC(=CC(=O)O)C)O)C)C=CC1C(C=CC(=O)O1)C
CCC(=O)[C@@H](C)[C@@H](O)[C@H](C)C[C@@H](C)[C@H]1OC(=O)C[C@@]2(O)CC=C(C)[C@H](O2)C(C)=CCCC[C@@H](O[C@H]2C[C@@H](OC(N)=O)[C@H](O)[C@@H](C)O2)C=C[C@H](C)C[C@H]1C,True,10055855.0,CCC(=O)C(C)C(C(C)CC(C)C1C(CC(C=CC(CCCC=C(C2C(=CCC(O2)(CC(=O)O1)O)C)C)OC3CC(C(C(O3)C)O)OC(=O)N)C)C)O
CC1=C[C@H](C)C[C@H](C)OC(=O)C[C@H](c2ccc(O)cc2)NC(=O)[C@@H](Cc2c(Br)[nH]c3ccccc23)N(C)C(=O)[C@H](C)NC(=O)[C@@H](C)C1,True,9831636.0,CC1CC(OC(=O)CC(NC(=O)C(N(C(=O)C(NC(=O)C(CC(=C1)C)C)C)C)CC2=C(NC3=CC=CC=C32)Br)C4=CC=C(C=C4)O)C
CC1/C=C/C=C/C=C/C=C/C=C/C=C/C=C\C(OC2OC(C)C(O)C(N)C2O)CC2OC(O)(CC(O)CC(O)C(O)CCC(O)CC(O)CC(=O)OC(C)C(C)C1O)CC(O)C2C(=O)O,True,5280965.0,CC1C=CC=CC=CC=CC=CC=CC=CC(CC2C(C(CC(O2)(CC(CC(C(CCC(CC(CC(=O)OC(C(C1O)C)C)O)O)O)O)O)O)O)C(=O)O)OC3C(C(C(C(O3)C)O)N)O
C[C@H]1CCC/C=C/[C@@H]2C[C@H](O)C[C@H]2[C@H](O)/C=C\C(=O)O1,True,5287620.0,CC1CCCC=CC2CC(CC2C(C=CC(=O)O1)O)O
COC1=C/C(C)=C/[C@@H](C)[C@@H](O)[C@@H](C)C/C(C)=C/C=C/[C@H](OC)C([C@@H](C)[C@@H](O)[C@H](C)[C@@]2(O)C[C@@H](O)[C@H](C)[C@@H](C(C)C)O2)OC1=O,True,6436223.0,CC1CC(=CC=CC(C(OC(=O)C(=CC(=CC(C1O)C)C)OC)C(C)C(C(C)C2(CC(C(C(O2)C(C)C)C)O)O)O)OC)C
CCCCC[C@](C)(O)C=C[C@@H]1[C@@H](C/C=C/CCCC(=O)O)[C@@H](O)C[C@H]1O,True,5280363.0,CCCCCC(C=CC1C(CC(C1CC=CCCCC(=O)O)O)O)O
CO/C1=C\C(C)=C\[C@H](C)[C@H](O)[C@H](C)C/C(C)=C\C=C[C@@H](OC)[C@H]([C@H](C)[C@H](O)[C@@H](C)[C@]2(O)C[C@H](O)[C@@H](C)[C@H](C(C)C)O2)OC1=O,True,6436223.0,CC1CC(=CC=CC(C(OC(=O)C(=CC(=CC(C1O)C)C)OC)C(C)C(C(C)C2(CC(C(C(O2)C(C)C)C)O)O)O)OC)C
CCC(C)C1NC(=O)C2CCCN2C(=O)C(Cc2ccccc2)N(C)C(=O)C(Cc2ccccc2)NC(=O)C(C(C)C)N(C)C(=O)C(C(C)CC)OC(=O)C(C(C)(C)O)N(C)C(=O)C(CC(C)C)NC(=O)C(C(C)C)N(C)C1=O,True,9919816.0,CCC(C)C1C(=O)N(C(C(=O)NC(C(=O)N(C(C(=O)OC(C(=O)N(C(C(=O)NC(C(=O)N(C(C(=O)N2CCCC2C(=O)N1)CC3=CC=CC=C3)C)CC4=CC=CC=C4)C(C)C)C)C(C)CC)C(C)(C)O)C)CC(C)C)C(C)C)C
CO/C1=C/C(C)=C\C(C)C(O)C(C)C/C(C)=C\C=C/C(OC)C(C(C)C(O)C(C)C2(O)CC(O)C(C)C(C(C)C)O2)OC1=O,True,6436223.0,CC1CC(=CC=CC(C(OC(=O)C(=CC(=CC(C1O)C)C)OC)C(C)C(C(C)C2(CC(C(C(O2)C(C)C)C)O)O)O)OC)C
CCCCC/C=C/C=C/C(=O)OC[C@H]1O[C@@H](O[C@H]2[C@H](OC(=O)/C=C/C=C/CC(O)/C(C)=C/C=C/CCC(C)CC)[C@@H](O)[C@@]3(OCc4cc(O)cc(O)c43)O[C@@H]2CO)[C@H](O)[C@@H](O)[C@H]1O,True,6436198.0,CCC(C)CCC=CC=C(C)C(CC=CC=CC(=O)OC1C(C(OC2(C1O)C3=C(CO2)C=C(C=C3O)O)CO)OC4C(C(C(C(O4)COC(=O)C=CC=CC=CC(CC)O)O)O)O)O
CO/C1=C\C(C)=C\[C@H](C)[C@H](O)[C@@H](C)C/C(C)=C\C=C[C@@H](OC)[C@H]([C@H](C)[C@H](O)[C@@H](C)[C@]2(O)C[C@H](O)[C@@H](C)[C@H](C(C)C)O2)OC1=O,True,6436223.0,CC1CC(=CC=CC(C(OC(=O)C(=CC(=CC(C1O)C)C)OC)C(C)C(C(C)C2(CC(C(C(O2)C(C)C)C)O)O)O)OC)C
CC1OC(O[C@H]2/C=C/C=C\C=C\C=C\C=C/C=C/C=C/[C@H](C)[C@@H](O)[C@@H](C)[C@H](C)OC(=O)C[C@H](O)C[C@H](O)CC[C@@H](O)[C@H](O)C[C@H](O)C[C@]3(O)C[C@H](O)[C@@H](C(=O)O)[C@H](C2)O3)C(O)C(N)C1O,True,5280965.0,CC1C=CC=CC=CC=CC=CC=CC=CC(CC2C(C(CC(O2)(CC(CC(C(CCC(CC(CC(=O)OC(C(C1O)C)C)O)O)O)O)O)O)O)C(=O)O)OC3C(C(C(C(O3)C)O)N)O
CC1/C=C/C=C\C=C\C=C\C=C\C=C\C=C\C(OC2OC(C)C(O)C(N)C2O)CC2OC(O)(CC(O)C(O)CCC(=O)CC(O)CC(O)CC(=O)OC(C)C(C)C1O)CC(O)C2C(=O)O,True,5280965.0,CC1C=CC=CC=CC=CC=CC=CC=CC(CC2C(C(CC(O2)(CC(CC(C(CCC(CC(CC(=O)OC(C(C1O)C)C)O)O)O)O)O)O)O)C(=O)O)OC3C(C(C(C(O3)C)O)N)O
C[C@H]1C=CC=CC=CC=CC=CC=CC=C[C@H](O[C@@H]2O[C@H](C)[C@@H](O)[C@H](N)[C@@H]2O)C[C@H](O)[C@H](C(=O)O)[C@@H](O)CC(=O)C[C@@H](O)C[C@@H](O)C[C@@H](O)CC(=O)CCCC(=O)CC(=O)O[C@@H]1[C@@H](C)C[C@H](C)[C@@H](O)CC(=O)c1ccc(N)cc1,True,10079874.0,CC1C=CC=CC=CC=CC=CC=CC=CC(CC(C(C(CC(=O)CC(CC(CC(CC(=O)CCCC(=O)CC(=O)OC1C(C)CC(C)C(CC(=O)C2=CC=C(C=C2)N)O)O)O)O)O)C(=O)O)O)OC3C(C(C(C(O3)C)O)N)O
CCCCC1C/C=C\C=C\C=C\C=C\C(OC2OC(C)C(O)C(N)C2O)CC2OC(O)(CC(O)CC3OC3/C=C\C(=O)O1)CC(O)C2C(=O)O,True,5284447.0,CC1CC=CC=CC=CC=CC(CC2C(C(CC(O2)(CC(CC3C(O3)C=CC(=O)O1)O)O)O)C(=O)O)OC4C(C(C(C(O4)C)O)N)O
C[C@@H]1C[C@H]2O[C@@H]2/C=C\C=CC(=O)Cc2c(Cl)c(O)cc(O)c2C(=O)O1,True,6323491.0,CC1CC2C(O2)C=CC=CC(=O)CC3=C(C(=CC(=C3Cl)O)O)C(=O)O1
CC1/C=C\C=C\C=C\C=C\C=C\C=C\C=C\C(OC2O[C@H](C)[C@@H](O)[C@H](N)[C@@H]2O)CC(O)C(C(=O)O)C(O)CC(=O)CC(O)CC(O)CC(O)CC(=O)CCCC(=O)CC(=O)OC1C(C)CC(C)C(O)CC(=O)c1ccc(N)cc1,True,10079874.0,CC1C=CC=CC=CC=CC=CC=CC=CC(CC(C(C(CC(=O)CC(CC(CC(CC(=O)CCCC(=O)CC(=O)OC1C(C)CC(C)C(CC(=O)C2=CC=C(C=C2)N)O)O)O)O)O)C(=O)O)O)OC3C(C(C(C(O3)C)O)N)O
CCCCC1C/C=C/C=C\C=C\C=C\C(O[C@@H]2O[C@H](C)[C@@H](O)[C@H](N)[C@@H]2O)CC2OC(O)(C[C@H](O)CC3OC3/C=C/C(=O)O1)C[C@H](O)[C@@H]2C(=O)O,True,5284447.0,CC1CC=CC=CC=CC=CC(CC2C(C(CC(O2)(CC(CC3C(O3)C=CC(=O)O1)O)O)O)C(=O)O)OC4C(C(C(C(O4)C)O)N)O
CCC(C)CC(C)CCCCCCCCC(=O)N[C@H]1C[C@@H](O)[C@@H](O)NC(=O)[C@@H]2[C@@H](O)[C@@H](O)CN2C(=O)[C@H]([C@H](O)CC(N)=O)NC(=O)[C@H]([C@H](O)[C@@H](O)c2ccc(O)cc2)NC(=O)[C@@H]2C[C@@H](O)CN2C(=O)[C@H]([C@@H](C)O)NC1=O,True,14315169.0,CCCCCCCCCCCCCCCC(=O)NC1CC(C(NC(=O)C2C(C(CN2C(=O)C(NC(=O)C(NC(=O)C3CC(CN3C(=O)C(NC1=O)C(C)O)O)C(C(C4=CC=C(C=C4)O)O)O)C(C)O)C)O)O)O
CO/C1=C/C(C)=C\[C@@H](C)[C@@H](O)[C@H](C)C/C(C)=C\C=C/[C@H](OC)[C@@H]([C@@H](C)[C@@H](O)[C@H](C)[C@@]2(O)C[C@@H](O)[C@H](C)[C@@H](C(C)C)O2)OC1=O,True,6436223.0,CC1CC(=CC=CC(C(OC(=O)C(=CC(=CC(C1O)C)C)OC)C(C)C(C(C)C2(CC(C(C(O2)C(C)C)C)O)O)O)OC)C
CCC(C)CCCCCCCCCCC(=O)N[C@H]1CC(O)C(O)NC(=O)[C@@H]2[C@@H](O)[C@@H](C)CN2C(=O)[C@H](CO)NC(=O)[C@H]([C@@H](O)Cc2ccc(O)cc2)NC(=O)[C@@H]2C[C@@H](O)CN2C(=O)[C@H]([C@@H](C)O)NC1=O,True,14315169.0,CCCCCCCCCCCCCCCC(=O)NC1CC(C(NC(=O)C2C(C(CN2C(=O)C(NC(=O)C(NC(=O)C3CC(CN3C(=O)C(NC1=O)C(C)O)O)C(C(C4=CC=C(C=C4)O)O)O)C(C)O)C)O)O)O
CN(CC[C@@H](N)CC(=O)N[C@H]1C=C[C@@H](n2ccc(N)nc2=O)O[C@H]1C(=O)O)C(=N)N,True,170012.0,CN(CCC(CC(=O)NC1C=CC(OC1C(=O)O)N2C=CC(=NC2=O)N)N)C(=N)N
CCC1/C=C/C=C/C[C@@H](C)[C@H](O)[C@@](C)(O)C(=O)[C@@H](C)[C@H](O)[C@@H](C)C(=O)[C@@H](C)[C@H](O)[C@@H](C)/C=C/C(=O)O[C@H]2C[C@@]3(CC[C@H](C)[C@H](C[C@@H](C)O)O3)O[C@@H](CC1)[C@H]2C,True,78358496.0,CCC1CCC2C(C(C(C3(O2)CCC(C(O3)CC(C)O)C)C)OC(=O)C=CC(C(C(C(=O)C(C(C(C(=O)C(C(C(CC=CC=C1)C)O)(C)O)C)O)C)C)O)C)C
CC1CCC2(NC1)OC1CC3C4CCC5CC(OC6OC(CO)C(OC7OC(CO)C(O)C(OC8OCC(O)C(O)C8O)C7OC7OC(CO)C(O)C(O)C7O)C(O)C6O)CC[C@]5(C)C4CC[C@]3(C)C1C2C,True,28523.0,CC1CCC2(C(C3C(O2)CC4C3(CCC5C4CCC6C5(CCC(C6)OC7C(C(C(C(O7)CO)OC8C(C(C(C(O8)CO)O)OC9C(C(C(CO9)O)O)O)OC2C(C(C(C(O2)CO)O)O)O)O)O)C)C)C)NC1
C[C@H]1CCC/C=C/[C@H]2C[C@H](O)C[C@H]2[C@H](O)/C=C/C(=O)O1,True,5287620.0,CC1CCCC=CC2CC(CC2C(C=CC(=O)O1)O)O
CCCCC[C@](C)(O)C=CC1C(O)CC(O)C1CC=CCCCC(=O)O,True,5280363.0,CCCCCC(C=CC1C(CC(C1CC=CCCCC(=O)O)O)O)O
CCC(=O)[C@@H](C)[C@@H](O)[C@H](C)C[C@@H](C)[C@H]1OC(=O)C[C@@]2(O)CC=C(C)[C@H](O2)/C(C)=C/CCC[C@@H](O[C@H]2C[C@@H](OC(N)=O)[C@H](O)[C@@H](C)O2)C=C[C@H](C)C[C@H]1C,True,10055855.0,CCC(=O)C(C)C(C(C)CC(C)C1C(CC(C=CC(CCCC=C(C2C(=CCC(O2)(CC(=O)O1)O)C)C)OC3CC(C(C(O3)C)O)OC(=O)N)C)C)O
CN(CC[C@H](N)CC(=O)N[C@@H]1C=C[C@H](n2ccc(N)nc2=O)O[C@@H]1C(=O)O)C(=N)N,True,170012.0,CN(CCC(CC(=O)NC1C=CC(OC1C(=O)O)N2C=CC(=NC2=O)N)N)C(=N)N
CC1C/C=C/C=C\C=C\C=C\C(OC2OC(C)C(O)C(N)C2O)CC2OC(O)(CC(O)CC3OC3/C=C/C(=O)O1)CC(O)C2C(=O)O,True,5284447.0,CC1CC=CC=CC=CC=CC(CC2C(C(CC(O2)(CC(CC3C(O3)C=CC(=O)O1)O)O)O)C(=O)O)OC4C(C(C(C(O4)C)O)N)O
CCCCCCCCOc1ccc(C(=O)NC2C[C@@H](O)[C@@H](O)NC(=O)[C@@H]3[C@@H](O)[C@@H](C)CN3C(=O)[C@H]([C@@H](C)O)NC(=O)[C@H]([C@H](O)[C@@H](O)c3ccc(O)cc3)NC(=O)[C@@H]3C[C@@H](O)CN3C(=O)[C@H]([C@@H](C)O)NC2=O)cc1,True,6918120.0,CCCCCCCCOC1=CC=C(C=C1)C(=O)NC2CC(C(NC(=O)C3C(C(CN3C(=O)C(NC(=O)C(NC(=O)C4CC(CN4C(=O)C(NC2=O)C(C)O)O)C(C(C5=CC=C(C=C5)O)O)O)C(C)O)C)O)O)O
CCCCC1C/C=C/C=C/C=C/C=C/C(O[C@@H]2O[C@H](C)[C@H](O)[C@H](N)[C@@H]2O)CC2OC(O)(CC(O)CC3OC3/C=C/C(=O)O1)CC(O)C2C(=O)O,True,5284447.0,CC1CC=CC=CC=CC=CC(CC2C(C(CC(O2)(CC(CC3C(O3)C=CC(=O)O1)O)O)O)C(=O)O)OC4C(C(C(C(O4)C)O)N)O
C[C@H]1CCC/C=C/[C@H]2C[C@H](O)C[C@@H]2C(O)/C=C/C(=O)O1,True,5287620.0,CC1CCCC=CC2CC(CC2C(C=CC(=O)O1)O)O
CCC(=O)[C@@H](C)[C@@H](O)[C@H](C)CC(C)[C@H]1OC(=O)C[C@@]2(O)CC=C(C)[C@H](O2)/C(C)=C\CCC[C@@H](O[C@@H]2C[C@@H](OC(N)=O)[C@H](O)[C@@H](C)O2)/C=C\[C@H](C)C[C@H]1C,True,10055855.0,CCC(=O)C(C)C(C(C)CC(C)C1C(CC(C=CC(CCCC=C(C2C(=CCC(O2)(CC(=O)O1)O)C)C)OC3CC(C(C(O3)C)O)OC(=O)N)C)C)O
CCCCC/C=C/C/C=C/CCCCCCCC(=O)NC1CC(O)C(O)NC(=O)C2C(O)C(C)CN2C(=O)C(C(C)O)NC(=O)C(C(O)C(O)c2ccc(O)cc2)NC(=O)C2CC(O)CN2C(=O)C(C(C)O)NC1=O,True,14315169.0,CCCCCCCCCCCCCCCC(=O)NC1CC(C(NC(=O)C2C(C(CN2C(=O)C(NC(=O)C(NC(=O)C3CC(CN3C(=O)C(NC1=O)C(C)O)O)C(C(C4=CC=C(C=C4)O)O)O)C(C)O)C)O)O)O
CC1C/C=C\C=C/C=C\C=C/C(O[C@@H]2O[C@H](C)[C@@H](O)[C@H](N)[C@@H]2O)CC2OC(O)(CC(O)CC3OC3/C=C\C(=O)O1)CC(O)C2C(=O)O,True,5284447.0,CC1CC=CC=CC=CC=CC(CC2C(C(CC(O2)(CC(CC3C(O3)C=CC(=O)O1)O)O)O)C(=O)O)OC4C(C(C(C(O4)C)O)N)O
CC1CC2OC2/C=C/C=CC(=O)Cc2c(Cl)c(O)cc(O)c2C(=O)O1,True,6323491.0,CC1CC2C(O2)C=CC=CC(=O)CC3=C(C(=CC(=C3Cl)O)O)C(=O)O1
CCCCCCC1C(=O)OC(C)C(O)/C=C/C=C/C=C/C=C/C=C(/C)C(O)CC(O)CC(O)CC(O)CC(O)CC(O)CC1O,True,5282200.0,CCCCCC(C1C(CC(CC(CC(CC(CC(C(C(C(=CC=CC=CC=CC=CC(C(OC1=O)C)O)C)O)O)O)O)O)O)O)O)O
CC[C@@H](C)C[C@H](C)CCCCCCCCC(=O)N[C@H]1C[C@@H](O)[C@@H](O)NC(=O)[C@@H]2[C@@H](O)CCN2C(=O)[C@H]([C@@H](O)CC(N)=O)NC(=O)[C@H]([C@H](O)[C@@H](O)c2ccc(O)cc2)NC(=O)[C@@H]2C[C@H](O)CN2C(=O)[C@H]([C@H](C)O)NC1=O,True,14315169.0,CCCCCCCCCCCCCCCC(=O)NC1CC(C(NC(=O)C2C(C(CN2C(=O)C(NC(=O)C(NC(=O)C3CC(CN3C(=O)C(NC1=O)C(C)O)O)C(C(C4=CC=C(C=C4)O)O)O)C(C)O)C)O)O)O
COC1=C/C(C)=C/[C@@H](C)[C@@H](O)[C@@H](C)C/C(C)=C/C=C\[C@H](OC)C([C@@H](C)[C@@H](O)[C@H](C)[C@@]2(O)C[C@@H](O)[C@H](C)[C@@H](C(C)C)O2)OC1=O,True,6436223.0,CC1CC(=CC=CC(C(OC(=O)C(=CC(=CC(C1O)C)C)OC)C(C)C(C(C)C2(CC(C(C(O2)C(C)C)C)O)O)O)OC)C
CC(C)CC1NC(=O)C(CC(=O)O)NC(=O)C(CO)NC(=O)C(Cc2ccc(O)cc2)NC(=O)C(CC(=O)O)NC(=O)C(Cc2ccc(O)cc2)NC(=O)CCC(C(=O)O)NC(=O)C(CC(=O)O)NC(=O)C2CCCN2C(=O)C(CC(=O)O)NC(=O)C(C)NC(=O)C(CC(=O)O)NC(=O)CCC(C(=O)O)NC1=O,True,44568937.0,CCC(C)C(C(=O)NC(CCC(=O)O)C(=O)NC(CO)C(=O)NC(CC(=O)O)C(=O)NC(C(C)C)C(=O)O)NC(=O)C(CO)NC(=O)C(CO)NC(=O)C(CC(C)C)NC(=O)C(CCCCN)NC(=O)C(CCC(=O)O)NC(=O)C(CC1=CC=C(C=C1)O)NC(=O)CNC(=O)C(CO)NC(=O)C(CCCCN)N
CCCCC1C/C=C\C=C/C=C\C=C/C(O[C@@H]2O[C@H](C)[C@@H](O)[C@H](N)[C@@H]2O)CC2OC(O)(CC(O)CC3OC3/C=C\C(=O)O1)CC(O)C2C(=O)O,True,5284447.0,CC1CC=CC=CC=CC=CC(CC2C(C(CC(O2)(CC(CC3C(O3)C=CC(=O)O1)O)O)O)C(=O)O)OC4C(C(C(C(O4)C)O)N)O
CC[C@@H]1/C=C/C=C/C[C@H](C)[C@@H](O)[C@](C)(O)C(=O)[C@H](C)[C@@H](O)[C@H](C)C(=O)[C@@H](C)[C@@H](O)[C@H](C)/C=C/C(=O)O[C@@H]2C[C@]3(CC[C@@H](C)[C@@H](CC(C)O)O3)O[C@H](CC1)[C@@H]2C,True,78358496.0,CCC1CCC2C(C(C(C3(O2)CCC(C(O3)CC(C)O)C)C)OC(=O)C=CC(C(C(C(=O)C(C(C(C(=O)C(C(C(CC=CC=C1)C)O)(C)O)C)O)C)C)O)C)C
CCC(C)CC(C)CCCCCCCCC(=O)N[C@@H]1C[C@H](O)[C@H](O)NC(=O)[C@H]2[C@H](O)[C@H](C)CN2C(=O)[C@@H]([C@@H](O)CC(N)=O)NC(=O)[C@@H]([C@@H](O)[C@H](O)c2ccc(O)cc2)NC(=O)[C@H]2C[C@H](O)CN2C(=O)[C@@H]([C@H](C)O)NC1=O,True,14315169.0,CCCCCCCCCCCCCCCC(=O)NC1CC(C(NC(=O)C2C(C(CN2C(=O)C(NC(=O)C(NC(=O)C3CC(CN3C(=O)C(NC1=O)C(C)O)O)C(C(C4=CC=C(C=C4)O)O)O)C(C)O)C)O)O)O
CCCCC/C=C\C/C=C\CCCCCCCC(=O)N[C@@H]1C[C@H](O)[C@H](O)NC(=O)[C@H]2[C@H](O)[C@H](C)CN2C(=O)[C@@H]([C@H](C)O)NC(=O)[C@@H]([C@@H](O)[C@H](O)c2ccc(O)cc2)NC(=O)[C@H]2C[C@H](O)CN2C(=O)[C@@H]([C@H](C)O)NC1=O,True,14315169.0,CCCCCCCCCCCCCCCC(=O)NC1CC(C(NC(=O)C2C(C(CN2C(=O)C(NC(=O)C(NC(=O)C3CC(CN3C(=O)C(NC1=O)C(C)O)O)C(C(C4=CC=C(C=C4)O)O)O)C(C)O)C)O)O)O
C[C@@H]1CCC/C=C/[C@H]2C[C@@H](O)C[C@@H]2C(O)/C=C\C(=O)O1,True,5287620.0,CC1CCCC=CC2CC(CC2C(C=CC(=O)O1)O)O
C[C@@H]1C[C@H]2O[C@@H]2C=C/C=C/C(=O)Cc2c(Cl)c(O)cc(O)c2C(=O)O1,True,6323491.0,CC1CC2C(O2)C=CC=CC(=O)CC3=C(C(=CC(=C3Cl)O)O)C(=O)O1
CC[C@H](C)C[C@H](C)CCCCCCCCC(=O)NC1C[C@@H](O)[C@@H](O)NC(=O)[C@@H]2C(O)CCN2C(=O)[C@H]([C@H](O)CC(N)=O)NC(=O)[C@@H]([C@H](O)[C@@H](O)c2ccc(O)cc2)NC(=O)[C@@H]2C[C@@H](O)CN2C(=O)[C@@H]([C@@H](C)O)NC1=O,True,14315169.0,CCCCCCCCCCCCCCCC(=O)NC1CC(C(NC(=O)C2C(C(CN2C(=O)C(NC(=O)C(NC(=O)C3CC(CN3C(=O)C(NC1=O)C(C)O)O)C(C(C4=CC=C(C=C4)O)O)O)C(C)O)C)O)O)O
CO/C1=C/C(C)=C\[C@@H](C)[C@@H](O)[C@@H](C)C/C(C)=C\C=C\[C@H](OC)[C@H]([C@@H](C)[C@@H](O)[C@H](C)[C@@]2(O)C[C@@H](O)[C@H](C)[C@@H](C(C)C)O2)OC1=O,True,6436223.0,CC1CC(=CC=CC(C(OC(=O)C(=CC(=CC(C1O)C)C)OC)C(C)C(C(C)C2(CC(C(C(O2)C(C)C)C)O)O)O)OC)C
CCC1C=CC=CCC(C)C(O)[C@@](C)(O)C(=O)C(C)C(O)C(C)C(=O)C(C)C(O)C(C)C=CC(=O)OC2C[C@@]3(CCC(C)C(CC(C)O)O3)OC(CC1)C2C,True,78358496.0,CCC1CCC2C(C(C(C3(O2)CCC(C(O3)CC(C)O)C)C)OC(=O)C=CC(C(C(C(=O)C(C(C(C(=O)C(C(C(CC=CC=C1)C)O)(C)O)C)O)C)C)O)C)C
CC[C@H]1/C=C/C=C\C[C@@H](C)[C@H](O)[C@@](C)(O)C(=O)[C@@H](C)[C@H](O)[C@@H](C)C(=O)[C@@H](C)C(O)[C@@H](C)/C=C/C(=O)O[C@H]2C[C@@]3(CC[C@H](C)[C@H](C[C@@H](C)O)O3)O[C@@H](CC1)[C@H]2C,True,78358496.0,CCC1CCC2C(C(C(C3(O2)CCC(C(O3)CC(C)O)C)C)OC(=O)C=CC(C(C(C(=O)C(C(C(C(=O)C(C(C(CC=CC=C1)C)O)(C)O)C)O)C)C)O)C)C
COC1=C/C(C)=C/[C@@H](C)[C@@H](O)[C@@H](C)C/C(C)=C/C=C/[C@H](OC)[C@@H]([C@@H](C)[C@@H](O)[C@H](C)[C@@]2(O)C[C@@H](O)[C@H](C)[C@@H](C(C)C)O2)OC1=O,True,6436223.0,CC1CC(=CC=CC(C(OC(=O)C(=CC(=CC(C1O)C)C)OC)C(C)C(C(C)C2(CC(C(C(O2)C(C)C)C)O)O)O)OC)C
C/C1=C\[C@H](C)C[C@H](C)OC(=O)CC(c2ccc(O)cc2)NC(=O)[C@@H](Cc2c(Br)[nH]c3ccccc23)N(C)C(=O)[C@H](C)NC(=O)[C@@H](C)C1,True,9831636.0,CC1CC(OC(=O)CC(NC(=O)C(N(C(=O)C(NC(=O)C(CC(=C1)C)C)C)C)CC2=C(NC3=CC=CC=C32)Br)C4=CC=C(C=C4)O)C
CC[C@@H](C)[C@H]1NC(=O)C2CCCN2C(=O)[C@H](Cc2ccccc2)N(C)C(=O)[C@H](Cc2ccccc2)NC(=O)[C@H](C(C)C)N(C)C(=O)[C@@H]([C@H](C)CC)OC(=O)[C@@H](C(C)(C)O)N(C)C(=O)[C@H](CC(C)C)NC(=O)[C@H](C(C)C)N(C)C1=O,True,9919816.0,CCC(C)C1C(=O)N(C(C(=O)NC(C(=O)N(C(C(=O)OC(C(=O)N(C(C(=O)NC(C(=O)N(C(C(=O)N2CCCC2C(=O)N1)CC3=CC=CC=C3)C)CC4=CC=CC=C4)C(C)C)C)C(C)CC)C(C)(C)O)C)CC(C)C)C(C)C)C
CC[C@H]1/C=C\C=C/C[C@@H](C)[C@H](O)[C@@](C)(O)C(=O)[C@@H](C)[C@H](O)[C@@H](C)C(=O)[C@@H](C)[C@H](O)[C@@H](C)/C=C\C(=O)O[C@H]2C[C@@]3(CC[C@H](C)[C@H](C[C@@H](C)O)O3)O[C@@H](CC1)[C@H]2C,True,78358496.0,CCC1CCC2C(C(C(C3(O2)CCC(C(O3)CC(C)O)C)C)OC(=O)C=CC(C(C(C(=O)C(C(C(C(=O)C(C(C(CC=CC=C1)C)O)(C)O)C)O)C)C)O)C)C
CCC(/C=C/[C@@H]1OC(=O)C=C[C@@H]1C)=C\[C@H](C)C/C=C/C(C)=C\[C@@H](C)C(=O)[C@@H](C)[C@H](O)[C@@H](C)C/C(C)=C/C(=O)O,True,6917907.0,CCC(=CC(C)CC=CC(=CC(C)C(=O)C(C)C(C(C)CC(=CC(=O)O)C)O)C)C=CC1C(C=CC(=O)O1)C
CCC(C)CCCCCCCCCCC(=O)N[C@H]1CC(O)C(O)NC(=O)[C@@H]2[C@@H](O)[C@@H](C)CN2C(=O)[C@H](CO)NC(=O)[C@H]([C@H](O)[C@@H](O)c2ccc(O)cc2)NC(=O)[C@@H]2C[C@@H](O)CN2C(=O)[C@H]([C@@H](C)O)NC1=O,True,14315169.0,CCCCCCCCCCCCCCCC(=O)NC1CC(C(NC(=O)C2C(C(CN2C(=O)C(NC(=O)C(NC(=O)C3CC(CN3C(=O)C(NC1=O)C(C)O)O)C(C(C4=CC=C(C=C4)O)O)O)C(C)O)C)O)O)O
C/C=C/C[C@@H](C)[C@@H](O)[C@H]1C(=O)N[C@@H](CC)C(=O)N(C)CC(=O)N(C)[C@H](CC(C)C)C(=O)N[C@@H](C(C)C)C(=O)N(C)[C@@H](CC(C)C)C(=O)N[C@@H](C)C(=O)N[C@H](C)C(=O)N(C)[C@@H](CC(C)C)C(=O)N(C)[C@@H](CC(C)C)C(=O)N(C)[C@@H](C(C)C)C(=O)N1C,True,5284373.0,CCC1C(=O)N(CC(=O)N(C(C(=O)NC(C(=O)N(C(C(=O)NC(C(=O)NC(C(=O)N(C(C(=O)N(C(C(=O)N(C(C(=O)N(C(C(=O)N1)C(C(C)CC=CC)O)C)C(C)C)C)CC(C)C)C)CC(C)C)C)C)C)CC(C)C)C)C(C)C)CC(C)C)C)C
C[C@@H]1C[C@H]2O[C@H]2C=CC=CC(=O)Cc2c(Cl)c(O)cc(O)c2C(=O)O1,True,6323491.0,CC1CC2C(O2)C=CC=CC(=O)CC3=C(C(=CC(=C3Cl)O)O)C(=O)O1
C[C@H]1CCCC=C[C@@H]2C[C@H](O)C[C@H]2C(O)C=CC(=O)O1,True,5287620.0,CC1CCCC=CC2CC(CC2C(C=CC(=O)O1)O)O
CCC(=C/[C@@H](C)C/C=C/C(C)=C/[C@H](C)C(=O)[C@H](C)[C@@H](O)[C@H](C)C/C(C)=C/C(=O)O)/C=C/[C@H]1OC(=O)C=C[C@H]1C,True,6917907.0,CCC(=CC(C)CC=CC(=CC(C)C(=O)C(C)C(C(C)CC(=CC(=O)O)C)O)C)C=CC1C(C=CC(=O)O1)C
CO/C1=C\C(C)=C\[C@@H](C)[C@@H](O)[C@@H](C)C/C(C)=C/C=C/[C@H](OC)[C@@H]([C@@H](C)[C@@H](O)[C@H](C)[C@]2(O)C[C@@H](O)[C@H](C)[C@@H](C(C)C)O2)OC1=O,True,6436223.0,CC1CC(=CC=CC(C(OC(=O)C(=CC(=CC(C1O)C)C)OC)C(C)C(C(C)C2(CC(C(C(O2)C(C)C)C)O)O)O)OC)C
CCCCC1C/C=C\C=C/C=C\C=C/C(OC2OC(C)C(O)C(N)C2O)CC2OC(O)(CC(O)CC3OC3/C=C\C(=O)O1)CC(O)C2C(=O)O,True,5284447.0,CC1CC=CC=CC=CC=CC(CC2C(C(CC(O2)(CC(CC3C(O3)C=CC(=O)O1)O)O)O)C(=O)O)OC4C(C(C(C(O4)C)O)N)O
CC[C@H](C)[C@@H]1NC(=O)[C@@H]2CCCN2C(=O)[C@@H](Cc2ccccc2)N(C)C(=O)[C@@H](Cc2ccccc2)NC(=O)[C@@H](C(C)C)N(C)C(=O)[C@H]([C@@H](C)CC)OC(=O)[C@@H](C(C)(C)O)N(C)C(=O)C(CC(C)C)NC(=O)[C@H](C(C)C)N(C)C1=O,True,9919816.0,CCC(C)C1C(=O)N(C(C(=O)NC(C(=O)N(C(C(=O)OC(C(=O)N(C(C(=O)NC(C(=O)N(C(C(=O)N2CCCC2C(=O)N1)CC3=CC=CC=C3)C)CC4=CC=CC=C4)C(C)C)C)C(C)CC)C(C)(C)O)C)CC(C)C)C(C)C)C
CC[C@@H](C)C[C@@H](C)CCCCCCCCC(=O)N[C@@H]1C[C@H](O)[C@H](O)NC(=O)[C@H]2[C@H](O)CCN2C(=O)[C@@H]([C@@H](O)CC(N)=O)NC(=O)[C@@H]([C@@H](O)[C@H](O)c2ccc(O)cc2)NC(=O)[C@H]2C[C@H](O)CN2C(=O)[C@@H]([C@H](C)O)NC1=O,True,14315169.0,CCCCCCCCCCCCCCCC(=O)NC1CC(C(NC(=O)C2C(C(CN2C(=O)C(NC(=O)C(NC(=O)C3CC(CN3C(=O)C(NC1=O)C(C)O)O)C(C(C4=CC=C(C=C4)O)O)O)C(C)O)C)O)O)O
CCC(=O)[C@@H](C)[C@@H](O)[C@H](C)C[C@@H](C)[C@H]1OC(=O)C[C@@]2(O)CC=C(C)[C@H](O2)/C(C)=C\CCC[C@@H](O[C@H]2C[C@@H](OC(N)=O)[C@H](O)[C@@H](C)O2)/C=C/[C@H](C)C[C@H]1C,True,10055855.0,CCC(=O)C(C)C(C(C)CC(C)C1C(CC(C=CC(CCCC=C(C2C(=CCC(O2)(CC(=O)O1)O)C)C)OC3CC(C(C(O3)C)O)OC(=O)N)C)C)O
CC1CC[C@]2(NC1)O[C@H]1C[C@H]3[C@@H]4CC[C@H]5C[C@@H](O[C@@H]6OC(CO)[C@H](O[C@@H]7OC(CO)[C@@H](O)C(O[C@@H]8OC[C@@H](O)C(O)C8O)C7O[C@@H]7OC(CO)[C@@H](O)C(O)C7O)C(O)C6O)CC[C@]5(C)[C@H]4CC[C@]3(C)C1[C@@H]2C,True,28523.0,CC1CCC2(C(C3C(O2)CC4C3(CCC5C4CCC6C5(CCC(C6)OC7C(C(C(C(O7)CO)OC8C(C(C(C(O8)CO)O)OC9C(C(C(CO9)O)O)O)OC2C(C(C(C(O2)CO)O)O)O)O)O)C)C)C)NC1
CC1C=CC=CC=CC=CC=CC=CC=CC(OC2OC(C)C(O)C(N)C2O)C[C@H]2O[C@](O)(CC(O)CC(O)C(O)CCC(O)CC(O)CC(=O)OC(C)C(C)C1O)CC(O)C2C(=O)O,True,5280965.0,CC1C=CC=CC=CC=CC=CC=CC=CC(CC2C(C(CC(O2)(CC(CC(C(CCC(CC(CC(=O)OC(C(C1O)C)C)O)O)O)O)O)O)O)C(=O)O)OC3C(C(C(C(O3)C)O)N)O
CC[C@H](C)C[C@H](C)CCCCCCCCC(=O)N[C@H]1C[C@@H](O)[C@@H](O)NC(=O)[C@@H]2[C@@H](O)CCN2C(=O)[C@H]([C@H](O)CC(N)=O)NC(=O)C([C@H](O)[C@@H](O)c2ccc(O)cc2)NC(=O)[C@@H]2C[C@@H](O)CN2C(=O)C([C@@H](C)O)NC1=O,True,14315169.0,CCCCCCCCCCCCCCCC(=O)NC1CC(C(NC(=O)C2C(C(CN2C(=O)C(NC(=O)C(NC(=O)C3CC(CN3C(=O)C(NC1=O)C(C)O)O)C(C(C4=CC=C(C=C4)O)O)O)C(C)O)C)O)O)O
CCC(=O)[C@@H](C)[C@@H](O)[C@H](C)C[C@@H](C)C1OC(=O)C[C@@]2(O)CC=C(C)[C@H](O2)/C(C)=C\CCCC(O[C@H]2C[C@@H](OC(N)=O)[C@H](O)[C@@H](C)O2)C=C[C@H](C)C[C@H]1C,True,10055855.0,CCC(=O)C(C)C(C(C)CC(C)C1C(CC(C=CC(CCCC=C(C2C(=CCC(O2)(CC(=O)O1)O)C)C)OC3CC(C(C(O3)C)O)OC(=O)N)C)C)O
C[C@@H]1[C@H](O)[C@@H](C)/C=C/C=C/C=C/C=C/C=C/C=C/C=C/[C@H](O[C@@H]2O[C@H](C)[C@@H](O)[C@H](N)[C@@H]2O)C[C@@H]2O[C@](O)(C[C@@H](O)C(O)CCC(=O)C[C@@H](O)C[C@@H](O)CC(=O)O[C@H]1C)C[C@H](O)[C@H]2C(=O)O,True,5280965.0,CC1C=CC=CC=CC=CC=CC=CC=CC(CC2C(C(CC(O2)(CC(CC(C(CCC(CC(CC(=O)OC(C(C1O)C)C)O)O)O)O)O)O)O)C(=O)O)OC3C(C(C(C(O3)C)O)N)O
CC(C)CCC[C@@H](C)[C@H]1CC[C@H]2[C@@H]3C[C@H](O)[C@@H]4C[C@H](O)CC[C@]4(C)[C@H]3CC(=O)[C@]12C,True,92786.0,CC(=O)C1CCC2C1(CCC3C2CCC4C3(CCC(C4)O)C)C
CN(C)C(=S)SSC(=S)N(C)C,True,5455.0,CN(C)C(=S)SSC(=S)N(C)C
Cc1cc(O)cc(C)c1Cl,True,2723.0,CC1=CC(=CC(=C1Cl)C)O
CCN(CC)c1ccc(C(NC(=O)C(C)C)c2ccc3cccnc3c2O)cc1,True,3129244.0,CCCCC(=O)NC(C1=CC=CC=C1)C2=C(C3=C(C=CC=N3)C=C2)O
Cc1ccc(CC(CC(=O)NCCc2ccc3c(c2)OCO3)C(=O)O)cc1,True,3133539.0,CC1=CC=C(C=C1)CC(CC(=O)NCCC2=CC3=C(C=C2)OCO3)C(=O)O
CCCC[C@H]1CN(c2cccc(OC(F)(F)F)c2)C(=O)CN1Cc1cncn1Cc1ccc(Br)cc1,True,165412423.0,CCCCC1CN(C(=O)CN1CC2=CN=CN2CC3=CC=C(C=C3)Br)C4=CC(=CC=C4)OC(F)(F)F
CSCC[C@H](NC(=O)[C@H](Cc1ccccc1)NC(=O)[C@H](Cc1ccccc1)NC(=O)[C@@H](NC(=O)[C@H](CCCNC(=N)N)NC(=O)[C@@H]1CCCN1C(=O)[C@H](CC(N)=O)NC(=O)[C@@H]1CCCN1)C(C)C)C(=O)N[C@H](C(=O)N[C@H](C(=O)NCC(=O)NCC(=O)N[C@H](C(=O)N[C@@H](C)C(=O)N[C@@H](C)C(=O)NCC(=O)N[C@@H](CCCNC(=N)N)C(=O)N[C@@H](Cc1ccccc1)C(=O)N[C@H](C(=O)O)C(C)C)[C@@H](C)O)C(C)C)[C@@H](C)O,True,16130919.0,CC(C)C(C(=O)NC(CC1=CC=CC=C1)C(=O)NC(CC2=CC=CC=C2)C(=O)NC(CCSC)C(=O)NC(C(C)O)C(=O)NC(C(C)C)C(=O)NCC(=O)NCC(=O)NC(C(C)O)C(=O)NC(C)C(=O)NC(C)C(=O)NCC(=O)NC(CCCNC(=N)N)C(=O)NC(CC3=CC=CC=C3)C(=O)NC(C(C)C)C(=O)O)NC(=O)C(CCCNC(=N)N)NC(=O)C4CCCN4C(=O)C(CC(=O)N)NC(=O)C5CCCN5
Cc1cccc2[nH]cc(C=O)c12,True,10256.0,C1=CC=C2C(=C1)C(=CN2)C=O
CCCCNC(=O)c1c(O)c2sccc2n(Cc2ccccc2)c1=O,True,91539318.0,CCCC1=C2C(=CS1)N(C(=O)C(=C2O)C(=O)NC3=CC=CC=C3)CCC
Cc1nc(NC2CC2)c([N+](=O)[O-])c(SC#N)n1,False,,None
O=C(Nc1ncc(Cc2cccc3ccccc23)s1)C1CCCCC1,True,57414373.0,C1=CC=C2C=C(C=CC2=C1)CC3=CN=C(S3)NC(=O)CCC4=CC=C(C=C4)F
CC(C)=CCC/C(C)=C/C=N/NC(N)=S,True,9570627.0,CC(=CCCC(=CC=NNC(=S)N)C)C
Cc1cc(C(=O)C(C)C)c(O)cc1O,True,6990.0,CC(=O)C1=C(C=C(C=C1)O)O
N#C/C(=C\c1ccccc1O)c1nc2ccccc2[nH]1,True,18075.0,C1=CC=C(C(=C1)C2=NC3=CC=CC=C3N2)O
Cc1cc(C(=O)N(C)C2CCCCC2)c(C)o1,True,43359.0,CC1=CC(=C(O1)C)C(=O)N(C2CCCCC2)OC
Fc1ccc2c(c1)C(OCc1c(F)cccc1F)C(Cn1ccnc1)S2,True,59856.0,C1=CC(=C(C(=C1)F)COC2C(SC3=C2C=C(C=C3)F)CN4C=CN=C4)F
C#CCOC[C@H]1CO[C@](Cn2ccnc2)(c2ccc(Cl)cc2Cl)O1,True,3047814.0,C#CCOCC1COC(O1)(CN2C=CN=C2)C3=C(C=C(C=C3)Cl)Cl
COC(=O)c1ccc(O)c2nc3c(C=O)c(O)cc(O)c3nc12,False,,None
C[C@@H](S[C@H]1CO[C@H](/C=C/C=C/c2ccc(C#N)cc2F)OC1)[C@](O)(Cn1cncn1)c1ccc(F)cc1F,True,6475890.0,CC(C(CN1C=NC=N1)(C2=C(C=C(C=C2)F)F)O)SC3COC(OC3)C=CC=CC4=C(C=C(C=C4)C#N)F
Clc1ccc(C2(Cn3ccnc3)OCC(COc3ccc(-c4ccccc4)cc3)O2)c(Cl)c1,True,13104852.0,C1C(OC(O1)(CCC2=CC=C(C=C2)Cl)CN3C=CN=C3)COC4=CC=C(C=C4)C5=CC=CC=C5
CC1OC2OC(=O)OC2C2=C1C(=O)c1c(O)cccc1C2=O,True,10040565.0,CC1C2=C(C3C(O1)OC(=O)O3)C(=O)C4=C(C2=O)C(=CC=C4)O
Clc1ccc([C@]2(Cn3cncn3)O[C@H]2c2ccc(Cl)cc2Cl)cc1,True,10423229.0,C1C(O1)(CN2C=NC=N2)C3=C(C=C(C=C3)Cl)Cl
Clc1ccc(OCCO/C(=C\n2ccnc2)c2ccc(Cl)cc2Cl)cc1,True,3033988.0,CC(=C(C1=C(C=C(C=C1)Cl)Cl)OCCOC2=CC=C(C=C2)Cl)N3C=CN=C3
CCC1COC(Cn2cncn2)(c2ccc(Cl)cc2Cl)O1,True,43234.0,CCCC1COC(O1)(CN2C=NC=N2)C3=C(C=C(C=C3)Cl)Cl
CC(C)N1CCN(c2ccc(OCC3COC(Cn4cncn4)(c4ccc(Cl)cc4Cl)O3)cc2)CC1,True,441383.0,CC(C)N1CCN(CC1)C2=CC=C(C=C2)OCC3COC(O3)(CN4C=NC=N4)C5=C(C=C(C=C5)Cl)Cl
